problem_id,16L,2L,32L,4L,64L,8L,L-BFGS-B,Powell,SLSQP,default
f01-d10-t-0.2,1.0,1.0,1.0,1.0,1.0,1.0,1.0,1.0,1.0,1.0
f01-d10-t-0.4,1.0,1.0,1.0,1.0,1.0,1.0,1.0,1.0,1.0,1.0
f01-d10-t-0.6,1.0,1.0,1.0,1.0,1.0,1.0,1.0,1.0,1.0,1.0
f01-d10-t-0.8,1.0,1.0,1.0,1.0,1.0,1.0,1.0,1.0,1.0,1.0
f01-d10-t-1.0,1.0,1.0,1.0,1.0,1.0,1.0,1.0,1.0,1.0,1.0
f01-d10-t-1.2,1.0,1.0,1.0,1.0,1.0,1.0,1.0,1.0,1.0,1.0
f01-d10-t-1.4,1.0,1.0,1.0,1.0,1.0,1.0,1.0,1.0,1.0,1.0
f01-d10-t-1.6,1.0,1.0,1.0,1.0,1.0,1.0,1.0,1.0,1.0,1.0
f01-d10-t-1.8,1.0,1.0,1.0,1.0,1.0,1.0,1.0,1.0,1.0,1.0
f01-d10-t-2.0,1.0,1.0,1.0,1.0,1.0,1.0,1.0,1.0,1.0,1.0
f01-d10-t-2.2,1.0,1.0,1.0,1.0,1.0,1.0,1.0,1.0,1.0,1.0
f01-d10-t-2.4,1.0,1.0,1.0,1.0,1.0,1.0,1.0,1.0,1.0,1.0
f01-d10-t-2.6,1.0,1.0,1.0,1.0,1.0,1.0,1.0,1.0,1.0,1.0
f01-d10-t-2.8,1.0,1.0,1.0,1.0,1.0,1.0,1.0,1.0,1.0,1.0
f01-d10-t-3.0,1.0,1.0,1.0,1.0,1.0,1.0,1.0,1.0,1.0,1.0
f01-d10-t-3.2,1.0,1.0,1.0,1.0,1.0,1.0,1.0,1.0,1.0,1.0
f01-d10-t-3.4,1.0,1.0,1.0,1.0,1.0,1.0,1.0,1.0,1.0,1.0
f01-d10-t-3.6,1.0,1.0,1.0,1.0,1.0,1.0,1.0,1.0,1.0,1.0
f01-d10-t-3.8,1.0,1.0,1.0,1.0,1.0,1.0,1.0,1.0,1.0,1.0
f01-d10-t-4.0,1.0,1.0,1.0,1.0,1.0,1.0,1.0,1.0,1.0,1.0
f01-d10-t-4.2,1.0,1.0,1.0,1.0,1.0,1.0,1.0,1.0,1.0,1.0
f01-d10-t-4.4,1.0,1.0,1.0,1.0,1.0,1.0,1.0,1.0,1.0,1.0
f01-d10-t-4.6,1.0,1.0,1.0,1.0,1.0,1.0,1.0,1.0,1.0,1.0
f01-d10-t-4.8,1.0,1.0,1.0,1.0,1.0,1.0,1.0,1.0,1.0,1.0
f01-d10-t-5.0,1.0,1.0,1.0,1.0,1.0,1.0,1.0,1.0,1.0,1.0
f01-d10-t-5.2,1.0,1.0,1.0,1.0,1.0,1.0,1.0,1.0,1.0,1.0
f01-d10-t-5.4,1.0,1.0,1.0,1.0,1.0,1.0,1.0,1.0,1.0,1.0
f01-d10-t-5.6,1.0,1.0,1.0,1.0,1.0,1.0,1.0,1.0,1.0,1.0
f01-d10-t-5.8,1.0,1.0,1.0,1.0,1.0,1.0,1.0,1.0,1.0,1.0
f01-d10-t-6.0,1.0,1.0,1.0,1.0,1.0,1.0,1.0,1.0,1.0,1.0
f01-d10-t-6.2,1.0,1.0,1.0,1.0,1.0,1.0,1.0,1.0,1.0,1.0
f01-d10-t-6.4,1.0,1.0,1.0,1.0,1.0,1.0,1.0,1.0,1.0,1.0
f01-d10-t-6.6,1.0,1.0,1.0,1.0,1.0,1.0,1.0,1.0,1.0,1.0
f01-d10-t-6.8,1.0,1.0,1.0,1.0,1.0,1.0,1.0,1.0,1.0,1.0
f01-d10-t-7.0,1.0,1.0,1.0,1.0,1.0,1.0,1.0,1.0,1.0,1.0
f01-d10-t-7.2,1.0,1.0,1.0,1.0,1.0,1.0,1.0,1.0,1.0,1.0
f01-d10-t-7.4,1.0,1.0,1.0,1.0,1.0,1.0,1.0,1.0,1.0,1.0
f01-d10-t-7.6,1.0,1.0,1.0,1.0,1.0,1.0,1.0,1.0,1.0,1.0
f01-d10-t-7.8,1.0,1.0,1.0,1.0,1.0,1.0,1.0,1.0,1.0,1.0
f01-d10-t-8.0,1.0,1.0,1.0,1.0,1.0,1.0,1.0,1.0,1.0,1.0
f01-d10-t0.0,1.0,1.0,1.0,1.0,1.0,1.0,1.0,1.0,1.0,1.0
f01-d10-t0.2,1.0,1.0,1.0,1.0,1.0,1.0,1.0,1.0,1.0,1.0
f01-d10-t0.4,1.0,1.0,1.0,1.0,1.0,1.0,1.0,1.0,1.0,1.0
f01-d10-t0.6,1.0,1.0,1.0,1.0,1.0,1.0,1.0,1.0,1.0,1.0
f01-d10-t0.8,1.0,1.0,1.0,1.0,1.0,1.0,1.0,1.0,1.0,1.0
f01-d10-t1.0,1.0,1.0,1.0,1.0,1.0,1.0,1.0,1.0,1.0,1.0
f01-d10-t1.2,1.0,1.0,1.0,1.0,1.0,1.0,1.0,1.0,1.0,1.0
f01-d10-t1.4,1.0,1.0,1.0,1.0,1.0,1.0,1.0,1.0,1.0,1.0
f01-d10-t1.6,1.0,1.0,1.0,1.0,1.0,1.0,1.0,1.0,1.0,1.0
f01-d10-t1.8,1.0,1.0,1.0,1.0,1.0,1.0,1.0,1.0,1.0,1.0
f01-d10-t2.0,1.0,1.0,1.0,1.0,1.0,1.0,1.0,1.0,1.0,1.0
f02-d10-t-0.2,1.0,1.0,1.0,1.0,1.0,1.0,0.996,1.0,1.0,1.0
f02-d10-t-0.4,1.0,1.0,1.0,1.0,1.0,1.0,0.986,1.0,1.0,1.0
f02-d10-t-0.6,1.0,1.0,1.0,1.0,1.0,1.0,0.982,1.0,1.0,1.0
f02-d10-t-0.8,1.0,1.0,1.0,1.0,1.0,1.0,0.98,1.0,1.0,1.0
f02-d10-t-1.0,1.0,1.0,1.0,1.0,1.0,1.0,0.978,1.0,1.0,1.0
f02-d10-t-1.2,1.0,1.0,1.0,1.0,1.0,1.0,0.978,1.0,1.0,1.0
f02-d10-t-1.4,1.0,1.0,1.0,1.0,1.0,1.0,0.978,1.0,1.0,1.0
f02-d10-t-1.6,1.0,1.0,1.0,1.0,1.0,1.0,0.976,1.0,1.0,1.0
f02-d10-t-1.8,1.0,1.0,1.0,1.0,1.0,1.0,0.956,1.0,1.0,1.0
f02-d10-t-2.0,1.0,1.0,1.0,1.0,1.0,1.0,0.944,1.0,1.0,1.0
f02-d10-t-2.2,1.0,1.0,1.0,1.0,1.0,1.0,0.938,1.0,1.0,1.0
f02-d10-t-2.4,1.0,1.0,1.0,1.0,1.0,1.0,0.922,1.0,1.0,1.0
f02-d10-t-2.6,1.0,1.0,1.0,1.0,1.0,1.0,0.89,1.0,1.0,1.0
f02-d10-t-2.8,1.0,1.0,1.0,1.0,1.0,1.0,0.874,1.0,1.0,1.0
f02-d10-t-3.0,1.0,1.0,1.0,1.0,1.0,1.0,0.848,1.0,1.0,1.0
f02-d10-t-3.2,1.0,1.0,1.0,1.0,1.0,1.0,0.816,1.0,1.0,1.0
f02-d10-t-3.4,1.0,1.0,1.0,1.0,1.0,1.0,0.788,1.0,1.0,1.0
f02-d10-t-3.6,1.0,1.0,1.0,1.0,1.0,1.0,0.71,1.0,1.0,1.0
f02-d10-t-3.8,1.0,1.0,1.0,1.0,1.0,1.0,0.64,1.0,1.0,1.0
f02-d10-t-4.0,1.0,1.0,1.0,1.0,1.0,1.0,0.586,1.0,1.0,1.0
f02-d10-t-4.2,1.0,1.0,1.0,1.0,1.0,1.0,0.51,1.0,1.0,1.0
f02-d10-t-4.4,1.0,1.0,1.0,1.0,1.0,1.0,0.408,1.0,1.0,1.0
f02-d10-t-4.6,1.0,1.0,1.0,1.0,1.0,1.0,0.344,1.0,0.998,1.0
f02-d10-t-4.8,1.0,1.0,1.0,1.0,1.0,1.0,0.274,1.0,0.994,1.0
f02-d10-t-5.0,1.0,1.0,1.0,1.0,1.0,1.0,0.218,1.0,0.988,1.0
f02-d10-t-5.2,1.0,1.0,1.0,1.0,1.0,1.0,0.162,0.996,0.978,1.0
f02-d10-t-5.4,1.0,1.0,1.0,1.0,1.0,1.0,0.132,0.996,0.95,1.0
f02-d10-t-5.6,1.0,1.0,1.0,1.0,1.0,1.0,0.1,0.99,0.93,1.0
f02-d10-t-5.8,1.0,1.0,1.0,1.0,1.0,1.0,0.062,0.986,0.886,1.0
f02-d10-t-6.0,1.0,1.0,1.0,1.0,1.0,1.0,0.034,0.984,0.8,1.0
f02-d10-t-6.2,1.0,1.0,1.0,1.0,1.0,1.0,0.024,0.984,0.68,1.0
f02-d10-t-6.4,1.0,1.0,1.0,1.0,1.0,1.0,0.018,0.978,0.53,1.0
f02-d10-t-6.6,1.0,1.0,1.0,1.0,1.0,1.0,0.014,0.976,0.326,1.0
f02-d10-t-6.8,1.0,1.0,1.0,1.0,1.0,1.0,0.004,0.968,0.164,1.0
f02-d10-t-7.0,1.0,1.0,1.0,1.0,1.0,1.0,0.004,0.964,0.082,1.0
f02-d10-t-7.2,1.0,1.0,1.0,1.0,1.0,1.0,0.0,0.96,0.032,1.0
f02-d10-t-7.4,1.0,1.0,1.0,1.0,1.0,1.0,0.0,0.952,0.012,1.0
f02-d10-t-7.6,1.0,1.0,1.0,1.0,1.0,1.0,0.0,0.94,0.0,1.0
f02-d10-t-7.8,1.0,1.0,1.0,1.0,1.0,1.0,0.0,0.926,0.0,1.0
f02-d10-t-8.0,1.0,1.0,1.0,1.0,1.0,1.0,0.0,0.902,0.0,1.0
f02-d10-t0.0,1.0,1.0,1.0,1.0,1.0,1.0,0.996,1.0,1.0,1.0
f02-d10-t0.2,1.0,1.0,1.0,1.0,1.0,1.0,0.996,1.0,1.0,1.0
f02-d10-t0.4,1.0,1.0,1.0,1.0,1.0,1.0,1.0,1.0,1.0,1.0
f02-d10-t0.6,1.0,1.0,1.0,1.0,1.0,1.0,1.0,1.0,1.0,1.0
f02-d10-t0.8,1.0,1.0,1.0,1.0,1.0,1.0,1.0,1.0,1.0,1.0
f02-d10-t1.0,1.0,1.0,1.0,1.0,1.0,1.0,1.0,1.0,1.0,1.0
f02-d10-t1.2,1.0,1.0,1.0,1.0,1.0,1.0,1.0,1.0,1.0,1.0
f02-d10-t1.4,1.0,1.0,1.0,1.0,1.0,1.0,1.0,1.0,1.0,1.0
f02-d10-t1.6,1.0,1.0,1.0,1.0,1.0,1.0,1.0,1.0,1.0,1.0
f02-d10-t1.8,1.0,1.0,1.0,1.0,1.0,1.0,1.0,1.0,1.0,1.0
f02-d10-t2.0,1.0,1.0,1.0,1.0,1.0,1.0,1.0,1.0,1.0,1.0
f03-d10-t-0.2,0.016,0.0,0.036,0.0,0.018,0.002,0.0,0.0,0.0,0.0
f03-d10-t-0.4,0.016,0.0,0.036,0.0,0.018,0.002,0.0,0.0,0.0,0.0
f03-d10-t-0.6,0.016,0.0,0.036,0.0,0.018,0.002,0.0,0.0,0.0,0.0
f03-d10-t-0.8,0.016,0.0,0.036,0.0,0.018,0.002,0.0,0.0,0.0,0.0
f03-d10-t-1.0,0.016,0.0,0.036,0.0,0.018,0.002,0.0,0.0,0.0,0.0
f03-d10-t-1.2,0.016,0.0,0.036,0.0,0.018,0.002,0.0,0.0,0.0,0.0
f03-d10-t-1.4,0.016,0.0,0.036,0.0,0.018,0.002,0.0,0.0,0.0,0.0
f03-d10-t-1.6,0.016,0.0,0.036,0.0,0.018,0.002,0.0,0.0,0.0,0.0
f03-d10-t-1.8,0.016,0.0,0.036,0.0,0.018,0.002,0.0,0.0,0.0,0.0
f03-d10-t-2.0,0.016,0.0,0.036,0.0,0.018,0.002,0.0,0.0,0.0,0.0
f03-d10-t-2.2,0.016,0.0,0.036,0.0,0.018,0.002,0.0,0.0,0.0,0.0
f03-d10-t-2.4,0.016,0.0,0.036,0.0,0.018,0.002,0.0,0.0,0.0,0.0
f03-d10-t-2.6,0.016,0.0,0.036,0.0,0.018,0.002,0.0,0.0,0.0,0.0
f03-d10-t-2.8,0.016,0.0,0.036,0.0,0.018,0.002,0.0,0.0,0.0,0.0
f03-d10-t-3.0,0.016,0.0,0.036,0.0,0.018,0.002,0.0,0.0,0.0,0.0
f03-d10-t-3.2,0.016,0.0,0.036,0.0,0.018,0.002,0.0,0.0,0.0,0.0
f03-d10-t-3.4,0.016,0.0,0.036,0.0,0.018,0.002,0.0,0.0,0.0,0.0
f03-d10-t-3.6,0.016,0.0,0.036,0.0,0.018,0.002,0.0,0.0,0.0,0.0
f03-d10-t-3.8,0.016,0.0,0.036,0.0,0.018,0.002,0.0,0.0,0.0,0.0
f03-d10-t-4.0,0.016,0.0,0.036,0.0,0.018,0.002,0.0,0.0,0.0,0.0
f03-d10-t-4.2,0.016,0.0,0.036,0.0,0.018,0.002,0.0,0.0,0.0,0.0
f03-d10-t-4.4,0.016,0.0,0.036,0.0,0.018,0.002,0.0,0.0,0.0,0.0
f03-d10-t-4.6,0.016,0.0,0.036,0.0,0.018,0.002,0.0,0.0,0.0,0.0
f03-d10-t-4.8,0.016,0.0,0.036,0.0,0.018,0.002,0.0,0.0,0.0,0.0
f03-d10-t-5.0,0.016,0.0,0.036,0.0,0.018,0.002,0.0,0.0,0.0,0.0
f03-d10-t-5.2,0.016,0.0,0.036,0.0,0.018,0.002,0.0,0.0,0.0,0.0
f03-d10-t-5.4,0.016,0.0,0.036,0.0,0.018,0.002,0.0,0.0,0.0,0.0
f03-d10-t-5.6,0.016,0.0,0.036,0.0,0.018,0.002,0.0,0.0,0.0,0.0
f03-d10-t-5.8,0.016,0.0,0.036,0.0,0.018,0.002,0.0,0.0,0.0,0.0
f03-d10-t-6.0,0.016,0.0,0.036,0.0,0.018,0.002,0.0,0.0,0.0,0.0
f03-d10-t-6.2,0.016,0.0,0.036,0.0,0.018,0.002,0.0,0.0,0.0,0.0
f03-d10-t-6.4,0.016,0.0,0.036,0.0,0.018,0.002,0.0,0.0,0.0,0.0
f03-d10-t-6.6,0.016,0.0,0.036,0.0,0.018,0.002,0.0,0.0,0.0,0.0
f03-d10-t-6.8,0.016,0.0,0.036,0.0,0.018,0.002,0.0,0.0,0.0,0.0
f03-d10-t-7.0,0.016,0.0,0.036,0.0,0.018,0.002,0.0,0.0,0.0,0.0
f03-d10-t-7.2,0.016,0.0,0.036,0.0,0.018,0.002,0.0,0.0,0.0,0.0
f03-d10-t-7.4,0.016,0.0,0.036,0.0,0.018,0.002,0.0,0.0,0.0,0.0
f03-d10-t-7.6,0.016,0.0,0.036,0.0,0.018,0.002,0.0,0.0,0.0,0.0
f03-d10-t-7.8,0.016,0.0,0.036,0.0,0.018,0.002,0.0,0.0,0.0,0.0
f03-d10-t-8.0,0.016,0.0,0.036,0.0,0.018,0.002,0.0,0.0,0.0,0.0
f03-d10-t0.0,0.09,0.004,0.136,0.016,0.122,0.04,0.0,0.0,0.0,0.0
f03-d10-t0.2,0.09,0.004,0.138,0.016,0.128,0.04,0.0,0.0,0.0,0.0
f03-d10-t0.4,0.258,0.016,0.344,0.07,0.332,0.158,0.0,0.0,0.0,0.0
f03-d10-t0.6,0.796,0.112,0.878,0.392,0.89,0.634,0.0,0.016,0.0,0.026
f03-d10-t0.8,0.96,0.306,0.992,0.692,0.998,0.912,0.0,0.044,0.0,0.076
f03-d10-t1.0,1.0,0.71,1.0,0.954,1.0,0.992,0.0,0.152,0.0,0.246
f03-d10-t1.2,1.0,0.946,1.0,1.0,1.0,1.0,0.0,0.366,0.0,0.572
f03-d10-t1.4,1.0,0.996,1.0,1.0,1.0,1.0,0.002,0.638,0.0,0.904
f03-d10-t1.6,1.0,1.0,1.0,1.0,1.0,1.0,0.004,0.88,0.008,0.988
f03-d10-t1.8,1.0,1.0,1.0,1.0,1.0,1.0,0.02,0.974,0.054,1.0
f03-d10-t2.0,1.0,1.0,1.0,1.0,1.0,1.0,0.088,0.992,0.166,1.0
f04-d10-t-0.2,0.0,0.0,0.0,0.0,0.0,0.0,0.0,0.0,0.0,0.0
f04-d10-t-0.4,0.0,0.0,0.0,0.0,0.0,0.0,0.0,0.0,0.0,0.0
f04-d10-t-0.6,0.0,0.0,0.0,0.0,0.0,0.0,0.0,0.0,0.0,0.0
f04-d10-t-0.8,0.0,0.0,0.0,0.0,0.0,0.0,0.0,0.0,0.0,0.0
f04-d10-t-1.0,0.0,0.0,0.0,0.0,0.0,0.0,0.0,0.0,0.0,0.0
f04-d10-t-1.2,0.0,0.0,0.0,0.0,0.0,0.0,0.0,0.0,0.0,0.0
f04-d10-t-1.4,0.0,0.0,0.0,0.0,0.0,0.0,0.0,0.0,0.0,0.0
f04-d10-t-1.6,0.0,0.0,0.0,0.0,0.0,0.0,0.0,0.0,0.0,0.0
f04-d10-t-1.8,0.0,0.0,0.0,0.0,0.0,0.0,0.0,0.0,0.0,0.0
f04-d10-t-2.0,0.0,0.0,0.0,0.0,0.0,0.0,0.0,0.0,0.0,0.0
f04-d10-t-2.2,0.0,0.0,0.0,0.0,0.0,0.0,0.0,0.0,0.0,0.0
f04-d10-t-2.4,0.0,0.0,0.0,0.0,0.0,0.0,0.0,0.0,0.0,0.0
f04-d10-t-2.6,0.0,0.0,0.0,0.0,0.0,0.0,0.0,0.0,0.0,0.0
f04-d10-t-2.8,0.0,0.0,0.0,0.0,0.0,0.0,0.0,0.0,0.0,0.0
f04-d10-t-3.0,0.0,0.0,0.0,0.0,0.0,0.0,0.0,0.0,0.0,0.0
f04-d10-t-3.2,0.0,0.0,0.0,0.0,0.0,0.0,0.0,0.0,0.0,0.0
f04-d10-t-3.4,0.0,0.0,0.0,0.0,0.0,0.0,0.0,0.0,0.0,0.0
f04-d10-t-3.6,0.0,0.0,0.0,0.0,0.0,0.0,0.0,0.0,0.0,0.0
f04-d10-t-3.8,0.0,0.0,0.0,0.0,0.0,0.0,0.0,0.0,0.0,0.0
f04-d10-t-4.0,0.0,0.0,0.0,0.0,0.0,0.0,0.0,0.0,0.0,0.0
f04-d10-t-4.2,0.0,0.0,0.0,0.0,0.0,0.0,0.0,0.0,0.0,0.0
f04-d10-t-4.4,0.0,0.0,0.0,0.0,0.0,0.0,0.0,0.0,0.0,0.0
f04-d10-t-4.6,0.0,0.0,0.0,0.0,0.0,0.0,0.0,0.0,0.0,0.0
f04-d10-t-4.8,0.0,0.0,0.0,0.0,0.0,0.0,0.0,0.0,0.0,0.0
f04-d10-t-5.0,0.0,0.0,0.0,0.0,0.0,0.0,0.0,0.0,0.0,0.0
f04-d10-t-5.2,0.0,0.0,0.0,0.0,0.0,0.0,0.0,0.0,0.0,0.0
f04-d10-t-5.4,0.0,0.0,0.0,0.0,0.0,0.0,0.0,0.0,0.0,0.0
f04-d10-t-5.6,0.0,0.0,0.0,0.0,0.0,0.0,0.0,0.0,0.0,0.0
f04-d10-t-5.8,0.0,0.0,0.0,0.0,0.0,0.0,0.0,0.0,0.0,0.0
f04-d10-t-6.0,0.0,0.0,0.0,0.0,0.0,0.0,0.0,0.0,0.0,0.0
f04-d10-t-6.2,0.0,0.0,0.0,0.0,0.0,0.0,0.0,0.0,0.0,0.0
f04-d10-t-6.4,0.0,0.0,0.0,0.0,0.0,0.0,0.0,0.0,0.0,0.0
f04-d10-t-6.6,0.0,0.0,0.0,0.0,0.0,0.0,0.0,0.0,0.0,0.0
f04-d10-t-6.8,0.0,0.0,0.0,0.0,0.0,0.0,0.0,0.0,0.0,0.0
f04-d10-t-7.0,0.0,0.0,0.0,0.0,0.0,0.0,0.0,0.0,0.0,0.0
f04-d10-t-7.2,0.0,0.0,0.0,0.0,0.0,0.0,0.0,0.0,0.0,0.0
f04-d10-t-7.4,0.0,0.0,0.0,0.0,0.0,0.0,0.0,0.0,0.0,0.0
f04-d10-t-7.6,0.0,0.0,0.0,0.0,0.0,0.0,0.0,0.0,0.0,0.0
f04-d10-t-7.8,0.0,0.0,0.0,0.0,0.0,0.0,0.0,0.0,0.0,0.0
f04-d10-t-8.0,0.0,0.0,0.0,0.0,0.0,0.0,0.0,0.0,0.0,0.0
f04-d10-t0.0,0.0,0.0,0.0,0.0,0.0,0.0,0.0,0.0,0.0,0.0
f04-d10-t0.2,0.0,0.0,0.0,0.0,0.0,0.0,0.0,0.0,0.0,0.0
f04-d10-t0.4,0.0,0.0,0.0,0.0,0.0,0.0,0.0,0.004,0.0,0.0
f04-d10-t0.6,0.002,0.002,0.0,0.002,0.0,0.0,0.0,0.04,0.0,0.002
f04-d10-t0.8,0.21,0.024,0.28,0.094,0.302,0.144,0.0,0.078,0.0,0.01
f04-d10-t1.0,0.908,0.282,0.956,0.586,0.982,0.806,0.0,0.242,0.0,0.08
f04-d10-t1.2,1.0,0.694,1.0,0.944,1.0,0.998,0.0,0.474,0.0,0.266
f04-d10-t1.4,1.0,0.984,1.0,1.0,1.0,1.0,0.0,0.706,0.0,0.69
f04-d10-t1.6,1.0,1.0,1.0,1.0,1.0,1.0,0.0,0.91,0.004,0.956
f04-d10-t1.8,1.0,1.0,1.0,1.0,1.0,1.0,0.01,0.992,0.024,0.996
f04-d10-t2.0,1.0,1.0,1.0,1.0,1.0,1.0,0.072,1.0,0.144,1.0
f05-d10-t-0.2,1.0,1.0,1.0,1.0,1.0,1.0,1.0,1.0,1.0,1.0
f05-d10-t-0.4,1.0,1.0,1.0,1.0,1.0,1.0,1.0,1.0,1.0,1.0
f05-d10-t-0.6,1.0,1.0,1.0,1.0,1.0,1.0,1.0,1.0,1.0,1.0
f05-d10-t-0.8,1.0,1.0,1.0,1.0,1.0,1.0,1.0,1.0,1.0,1.0
f05-d10-t-1.0,1.0,1.0,1.0,1.0,1.0,1.0,1.0,1.0,1.0,1.0
f05-d10-t-1.2,1.0,1.0,1.0,1.0,1.0,1.0,1.0,1.0,1.0,1.0
f05-d10-t-1.4,1.0,1.0,1.0,1.0,1.0,1.0,1.0,1.0,1.0,1.0
f05-d10-t-1.6,1.0,1.0,1.0,1.0,1.0,1.0,1.0,1.0,1.0,1.0
f05-d10-t-1.8,1.0,1.0,1.0,1.0,1.0,1.0,1.0,1.0,1.0,1.0
f05-d10-t-2.0,1.0,1.0,1.0,1.0,1.0,1.0,1.0,1.0,1.0,1.0
f05-d10-t-2.2,1.0,1.0,1.0,1.0,1.0,1.0,1.0,1.0,1.0,1.0
f05-d10-t-2.4,1.0,1.0,1.0,1.0,1.0,1.0,1.0,1.0,1.0,1.0
f05-d10-t-2.6,1.0,1.0,1.0,1.0,1.0,1.0,1.0,1.0,1.0,1.0
f05-d10-t-2.8,1.0,1.0,1.0,1.0,1.0,1.0,1.0,1.0,1.0,1.0
f05-d10-t-3.0,1.0,1.0,1.0,1.0,1.0,1.0,1.0,1.0,1.0,1.0
f05-d10-t-3.2,1.0,1.0,1.0,1.0,1.0,1.0,1.0,1.0,1.0,1.0
f05-d10-t-3.4,1.0,1.0,1.0,1.0,1.0,1.0,1.0,1.0,1.0,1.0
f05-d10-t-3.6,1.0,1.0,1.0,1.0,1.0,1.0,1.0,1.0,1.0,1.0
f05-d10-t-3.8,1.0,1.0,1.0,1.0,1.0,1.0,1.0,1.0,1.0,1.0
f05-d10-t-4.0,1.0,1.0,1.0,1.0,1.0,1.0,1.0,1.0,1.0,1.0
f05-d10-t-4.2,1.0,1.0,1.0,1.0,1.0,1.0,1.0,1.0,1.0,1.0
f05-d10-t-4.4,1.0,1.0,1.0,1.0,1.0,1.0,1.0,1.0,1.0,1.0
f05-d10-t-4.6,1.0,1.0,1.0,1.0,1.0,1.0,1.0,1.0,1.0,1.0
f05-d10-t-4.8,1.0,1.0,1.0,1.0,1.0,1.0,1.0,1.0,1.0,1.0
f05-d10-t-5.0,1.0,1.0,1.0,1.0,1.0,1.0,1.0,1.0,1.0,1.0
f05-d10-t-5.2,1.0,1.0,1.0,1.0,1.0,1.0,1.0,1.0,1.0,1.0
f05-d10-t-5.4,1.0,1.0,1.0,1.0,1.0,1.0,1.0,1.0,1.0,1.0
f05-d10-t-5.6,1.0,1.0,1.0,1.0,1.0,1.0,1.0,1.0,1.0,1.0
f05-d10-t-5.8,1.0,1.0,1.0,1.0,1.0,1.0,1.0,1.0,1.0,1.0
f05-d10-t-6.0,1.0,1.0,1.0,1.0,1.0,1.0,1.0,1.0,1.0,1.0
f05-d10-t-6.2,1.0,1.0,1.0,1.0,1.0,1.0,1.0,1.0,1.0,1.0
f05-d10-t-6.4,1.0,1.0,1.0,1.0,1.0,1.0,1.0,1.0,1.0,1.0
f05-d10-t-6.6,1.0,1.0,1.0,1.0,1.0,1.0,1.0,1.0,1.0,1.0
f05-d10-t-6.8,1.0,1.0,1.0,1.0,1.0,1.0,1.0,1.0,1.0,1.0
f05-d10-t-7.0,1.0,1.0,1.0,1.0,1.0,1.0,1.0,1.0,1.0,1.0
f05-d10-t-7.2,1.0,1.0,1.0,1.0,1.0,1.0,1.0,1.0,1.0,1.0
f05-d10-t-7.4,1.0,1.0,1.0,1.0,1.0,1.0,1.0,1.0,1.0,1.0
f05-d10-t-7.6,1.0,1.0,1.0,1.0,1.0,1.0,1.0,1.0,1.0,1.0
f05-d10-t-7.8,1.0,1.0,1.0,1.0,1.0,1.0,1.0,1.0,1.0,1.0
f05-d10-t-8.0,1.0,1.0,1.0,1.0,1.0,1.0,1.0,1.0,1.0,1.0
f05-d10-t0.0,1.0,1.0,1.0,1.0,1.0,1.0,1.0,1.0,1.0,1.0
f05-d10-t0.2,1.0,1.0,1.0,1.0,1.0,1.0,1.0,1.0,1.0,1.0
f05-d10-t0.4,1.0,1.0,1.0,1.0,1.0,1.0,1.0,1.0,1.0,1.0
f05-d10-t0.6,1.0,1.0,1.0,1.0,1.0,1.0,1.0,1.0,1.0,1.0
f05-d10-t0.8,1.0,1.0,1.0,1.0,1.0,1.0,1.0,1.0,1.0,1.0
f05-d10-t1.0,1.0,1.0,1.0,1.0,1.0,1.0,1.0,1.0,1.0,1.0
f05-d10-t1.2,1.0,1.0,1.0,1.0,1.0,1.0,1.0,1.0,1.0,1.0
f05-d10-t1.4,1.0,1.0,1.0,1.0,1.0,1.0,1.0,1.0,1.0,1.0
f05-d10-t1.6,1.0,1.0,1.0,1.0,1.0,1.0,1.0,1.0,1.0,1.0
f05-d10-t1.8,1.0,1.0,1.0,1.0,1.0,1.0,1.0,1.0,1.0,1.0
f05-d10-t2.0,1.0,1.0,1.0,1.0,1.0,1.0,1.0,1.0,1.0,1.0
f06-d10-t-0.2,1.0,1.0,1.0,1.0,1.0,1.0,1.0,0.168,0.43,1.0
f06-d10-t-0.4,1.0,1.0,1.0,1.0,1.0,1.0,1.0,0.144,0.366,1.0
f06-d10-t-0.6,1.0,1.0,1.0,1.0,1.0,1.0,0.998,0.112,0.29,1.0
f06-d10-t-0.8,1.0,1.0,1.0,1.0,1.0,1.0,0.994,0.094,0.228,1.0
f06-d10-t-1.0,1.0,1.0,1.0,1.0,1.0,1.0,0.992,0.082,0.184,1.0
f06-d10-t-1.2,1.0,1.0,1.0,1.0,1.0,1.0,0.988,0.066,0.13,1.0
f06-d10-t-1.4,1.0,1.0,1.0,1.0,1.0,1.0,0.984,0.044,0.1,1.0
f06-d10-t-1.6,1.0,1.0,1.0,1.0,1.0,1.0,0.982,0.04,0.086,1.0
f06-d10-t-1.8,1.0,1.0,1.0,1.0,1.0,1.0,0.976,0.034,0.068,1.0
f06-d10-t-2.0,1.0,1.0,1.0,1.0,1.0,1.0,0.972,0.028,0.052,1.0
f06-d10-t-2.2,1.0,1.0,1.0,1.0,1.0,1.0,0.952,0.014,0.032,1.0
f06-d10-t-2.4,1.0,1.0,1.0,1.0,1.0,1.0,0.914,0.006,0.018,1.0
f06-d10-t-2.6,1.0,1.0,1.0,1.0,1.0,1.0,0.884,0.006,0.012,1.0
f06-d10-t-2.8,1.0,1.0,1.0,1.0,0.998,1.0,0.854,0.004,0.01,1.0
f06-d10-t-3.0,1.0,1.0,1.0,1.0,0.982,1.0,0.828,0.004,0.006,1.0
f06-d10-t-3.2,1.0,1.0,1.0,1.0,0.956,1.0,0.796,0.002,0.002,1.0
f06-d10-t-3.4,1.0,1.0,1.0,1.0,0.854,1.0,0.718,0.002,0.002,1.0
f06-d10-t-3.6,1.0,1.0,1.0,1.0,0.7,1.0,0.602,0.0,0.0,1.0
f06-d10-t-3.8,1.0,1.0,1.0,1.0,0.578,1.0,0.562,0.0,0.0,1.0
f06-d10-t-4.0,1.0,1.0,1.0,1.0,0.398,1.0,0.466,0.0,0.0,1.0
f06-d10-t-4.2,1.0,1.0,1.0,1.0,0.266,1.0,0.418,0.0,0.0,1.0
f06-d10-t-4.4,1.0,1.0,1.0,1.0,0.174,1.0,0.37,0.0,0.0,1.0
f06-d10-t-4.6,1.0,1.0,1.0,1.0,0.092,1.0,0.276,0.0,0.0,1.0
f06-d10-t-4.8,1.0,1.0,1.0,1.0,0.054,1.0,0.204,0.0,0.0,1.0
f06-d10-t-5.0,1.0,1.0,1.0,1.0,0.042,1.0,0.15,0.0,0.0,1.0
f06-d10-t-5.2,1.0,1.0,0.998,1.0,0.018,1.0,0.116,0.0,0.0,1.0
f06-d10-t-5.4,1.0,1.0,0.998,1.0,0.008,1.0,0.086,0.0,0.0,1.0
f06-d10-t-5.6,1.0,1.0,0.996,1.0,0.002,1.0,0.062,0.0,0.0,1.0
f06-d10-t-5.8,1.0,1.0,0.996,1.0,0.0,1.0,0.046,0.0,0.0,1.0
f06-d10-t-6.0,1.0,1.0,0.996,1.0,0.0,1.0,0.042,0.0,0.0,1.0
f06-d10-t-6.2,1.0,1.0,0.992,1.0,0.0,1.0,0.028,0.0,0.0,1.0
f06-d10-t-6.4,1.0,1.0,0.992,1.0,0.0,1.0,0.018,0.0,0.0,1.0
f06-d10-t-6.6,1.0,1.0,0.99,1.0,0.0,1.0,0.014,0.0,0.0,1.0
f06-d10-t-6.8,1.0,1.0,0.99,1.0,0.0,1.0,0.01,0.0,0.0,1.0
f06-d10-t-7.0,0.998,1.0,0.99,1.0,0.0,1.0,0.002,0.0,0.0,1.0
f06-d10-t-7.2,0.998,1.0,0.99,1.0,0.0,1.0,0.002,0.0,0.0,1.0
f06-d10-t-7.4,0.998,1.0,0.99,1.0,0.0,1.0,0.002,0.0,0.0,1.0
f06-d10-t-7.6,0.998,1.0,0.988,1.0,0.0,1.0,0.002,0.0,0.0,1.0
f06-d10-t-7.8,0.996,1.0,0.986,1.0,0.0,1.0,0.002,0.0,0.0,1.0
f06-d10-t-8.0,0.994,1.0,0.984,1.0,0.0,1.0,0.002,0.0,0.0,1.0
f06-d10-t0.0,1.0,1.0,1.0,1.0,1.0,1.0,1.0,0.218,0.544,1.0
f06-d10-t0.2,1.0,1.0,1.0,1.0,1.0,1.0,1.0,0.3,0.656,1.0
f06-d10-t0.4,1.0,1.0,1.0,1.0,1.0,1.0,1.0,0.342,0.72,1.0
f06-d10-t0.6,1.0,1.0,1.0,1.0,1.0,1.0,1.0,0.416,0.812,1.0
f06-d10-t0.8,1.0,1.0,1.0,1.0,1.0,1.0,1.0,0.502,0.864,1.0
f06-d10-t1.0,1.0,1.0,1.0,1.0,1.0,1.0,1.0,0.606,0.916,1.0
f06-d10-t1.2,1.0,1.0,1.0,1.0,1.0,1.0,1.0,0.738,0.956,1.0
f06-d10-t1.4,1.0,1.0,1.0,1.0,1.0,1.0,1.0,0.822,0.978,1.0
f06-d10-t1.6,1.0,1.0,1.0,1.0,1.0,1.0,1.0,0.874,0.984,1.0
f06-d10-t1.8,1.0,1.0,1.0,1.0,1.0,1.0,1.0,0.94,0.99,1.0
f06-d10-t2.0,1.0,1.0,1.0,1.0,1.0,1.0,1.0,0.96,0.992,1.0
f07-d10-t-0.2,1.0,0.534,1.0,0.944,1.0,1.0,0.0,0.0,0.0,0.146
f07-d10-t-0.4,1.0,0.372,1.0,0.896,1.0,1.0,0.0,0.0,0.0,0.068
f07-d10-t-0.6,1.0,0.288,1.0,0.854,1.0,1.0,0.0,0.0,0.0,0.042
f07-d10-t-0.8,1.0,0.264,1.0,0.826,1.0,1.0,0.0,0.0,0.0,0.032
f07-d10-t-1.0,1.0,0.262,1.0,0.824,1.0,1.0,0.0,0.0,0.0,0.032
f07-d10-t-1.2,1.0,0.262,1.0,0.824,1.0,1.0,0.0,0.0,0.0,0.032
f07-d10-t-1.4,1.0,0.262,1.0,0.824,1.0,1.0,0.0,0.0,0.0,0.032
f07-d10-t-1.6,1.0,0.262,1.0,0.824,1.0,1.0,0.0,0.0,0.0,0.028
f07-d10-t-1.8,1.0,0.248,1.0,0.824,1.0,1.0,0.0,0.0,0.0,0.024
f07-d10-t-2.0,1.0,0.212,1.0,0.82,1.0,1.0,0.0,0.0,0.0,0.018
f07-d10-t-2.2,1.0,0.204,1.0,0.82,1.0,1.0,0.0,0.0,0.0,0.016
f07-d10-t-2.4,1.0,0.198,1.0,0.82,1.0,1.0,0.0,0.0,0.0,0.016
f07-d10-t-2.6,1.0,0.198,1.0,0.82,1.0,1.0,0.0,0.0,0.0,0.016
f07-d10-t-2.8,1.0,0.198,1.0,0.82,1.0,1.0,0.0,0.0,0.0,0.016
f07-d10-t-3.0,1.0,0.198,1.0,0.82,1.0,1.0,0.0,0.0,0.0,0.016
f07-d10-t-3.2,1.0,0.198,1.0,0.82,1.0,1.0,0.0,0.0,0.0,0.016
f07-d10-t-3.4,1.0,0.198,1.0,0.82,1.0,1.0,0.0,0.0,0.0,0.016
f07-d10-t-3.6,1.0,0.198,1.0,0.82,1.0,1.0,0.0,0.0,0.0,0.016
f07-d10-t-3.8,1.0,0.198,1.0,0.82,1.0,1.0,0.0,0.0,0.0,0.016
f07-d10-t-4.0,1.0,0.198,1.0,0.82,1.0,1.0,0.0,0.0,0.0,0.016
f07-d10-t-4.2,1.0,0.198,1.0,0.82,1.0,1.0,0.0,0.0,0.0,0.016
f07-d10-t-4.4,1.0,0.198,1.0,0.82,1.0,1.0,0.0,0.0,0.0,0.016
f07-d10-t-4.6,1.0,0.198,1.0,0.82,1.0,1.0,0.0,0.0,0.0,0.016
f07-d10-t-4.8,1.0,0.198,1.0,0.82,1.0,1.0,0.0,0.0,0.0,0.016
f07-d10-t-5.0,1.0,0.198,1.0,0.82,1.0,1.0,0.0,0.0,0.0,0.016
f07-d10-t-5.2,1.0,0.198,1.0,0.82,1.0,1.0,0.0,0.0,0.0,0.016
f07-d10-t-5.4,1.0,0.198,1.0,0.82,1.0,1.0,0.0,0.0,0.0,0.016
f07-d10-t-5.6,1.0,0.198,1.0,0.82,1.0,1.0,0.0,0.0,0.0,0.016
f07-d10-t-5.8,1.0,0.198,1.0,0.82,1.0,1.0,0.0,0.0,0.0,0.016
f07-d10-t-6.0,1.0,0.198,1.0,0.82,1.0,1.0,0.0,0.0,0.0,0.016
f07-d10-t-6.2,1.0,0.198,1.0,0.82,1.0,1.0,0.0,0.0,0.0,0.016
f07-d10-t-6.4,1.0,0.198,1.0,0.82,1.0,1.0,0.0,0.0,0.0,0.016
f07-d10-t-6.6,1.0,0.198,1.0,0.82,1.0,1.0,0.0,0.0,0.0,0.016
f07-d10-t-6.8,1.0,0.198,1.0,0.82,1.0,1.0,0.0,0.0,0.0,0.016
f07-d10-t-7.0,1.0,0.198,1.0,0.82,1.0,1.0,0.0,0.0,0.0,0.016
f07-d10-t-7.2,1.0,0.198,1.0,0.82,1.0,1.0,0.0,0.0,0.0,0.016
f07-d10-t-7.4,1.0,0.198,1.0,0.82,1.0,1.0,0.0,0.0,0.0,0.016
f07-d10-t-7.6,1.0,0.198,1.0,0.82,1.0,1.0,0.0,0.0,0.0,0.016
f07-d10-t-7.8,1.0,0.198,1.0,0.82,1.0,1.0,0.0,0.0,0.0,0.016
f07-d10-t-8.0,1.0,0.198,1.0,0.82,1.0,1.0,0.0,0.0,0.0,0.016
f07-d10-t0.0,1.0,0.71,1.0,0.988,1.0,1.0,0.0,0.0,0.0,0.262
f07-d10-t0.2,1.0,0.864,1.0,1.0,1.0,1.0,0.0,0.006,0.0,0.426
f07-d10-t0.4,1.0,0.954,1.0,1.0,1.0,1.0,0.0,0.022,0.0,0.63
f07-d10-t0.6,1.0,0.984,1.0,1.0,1.0,1.0,0.0,0.06,0.0,0.806
f07-d10-t0.8,1.0,0.996,1.0,1.0,1.0,1.0,0.0,0.18,0.0,0.908
f07-d10-t1.0,1.0,0.998,1.0,1.0,1.0,1.0,0.0,0.354,0.0,0.97
f07-d10-t1.2,1.0,1.0,1.0,1.0,1.0,1.0,0.0,0.612,0.0,0.998
f07-d10-t1.4,1.0,1.0,1.0,1.0,1.0,1.0,0.002,0.808,0.002,1.0
f07-d10-t1.6,1.0,1.0,1.0,1.0,1.0,1.0,0.002,0.938,0.002,1.0
f07-d10-t1.8,1.0,1.0,1.0,1.0,1.0,1.0,0.002,0.984,0.002,1.0
f07-d10-t2.0,1.0,1.0,1.0,1.0,1.0,1.0,0.024,0.994,0.024,1.0
f08-d10-t-0.2,1.0,0.952,1.0,0.998,1.0,1.0,0.872,0.6,0.764,0.924
f08-d10-t-0.4,1.0,0.952,1.0,0.998,1.0,1.0,0.872,0.554,0.754,0.924
f08-d10-t-0.6,1.0,0.952,1.0,0.998,1.0,1.0,0.872,0.494,0.748,0.924
f08-d10-t-0.8,1.0,0.952,1.0,0.998,1.0,1.0,0.872,0.46,0.748,0.924
f08-d10-t-1.0,1.0,0.952,0.998,0.998,0.97,1.0,0.872,0.4,0.74,0.924
f08-d10-t-1.2,1.0,0.952,0.998,0.998,0.872,1.0,0.872,0.336,0.736,0.924
f08-d10-t-1.4,1.0,0.952,0.998,0.998,0.682,1.0,0.872,0.292,0.728,0.924
f08-d10-t-1.6,1.0,0.952,0.992,0.998,0.422,1.0,0.872,0.232,0.722,0.924
f08-d10-t-1.8,1.0,0.952,0.992,0.998,0.252,1.0,0.872,0.196,0.718,0.924
f08-d10-t-2.0,1.0,0.952,0.986,0.998,0.144,1.0,0.872,0.166,0.718,0.924
f08-d10-t-2.2,1.0,0.952,0.982,0.998,0.074,1.0,0.872,0.128,0.714,0.924
f08-d10-t-2.4,1.0,0.952,0.98,0.998,0.048,1.0,0.872,0.11,0.71,0.924
f08-d10-t-2.6,1.0,0.952,0.974,0.998,0.034,1.0,0.872,0.08,0.706,0.924
f08-d10-t-2.8,1.0,0.952,0.962,0.998,0.02,1.0,0.872,0.06,0.706,0.924
f08-d10-t-3.0,1.0,0.952,0.96,0.998,0.012,1.0,0.872,0.048,0.7,0.924
f08-d10-t-3.2,1.0,0.952,0.96,0.998,0.006,1.0,0.872,0.04,0.698,0.924
f08-d10-t-3.4,1.0,0.952,0.96,0.998,0.006,1.0,0.872,0.036,0.698,0.924
f08-d10-t-3.6,1.0,0.952,0.958,0.998,0.006,1.0,0.872,0.028,0.696,0.924
f08-d10-t-3.8,1.0,0.952,0.958,0.998,0.006,1.0,0.872,0.024,0.694,0.924
f08-d10-t-4.0,1.0,0.952,0.958,0.998,0.006,1.0,0.872,0.018,0.692,0.924
f08-d10-t-4.2,1.0,0.952,0.958,0.998,0.006,1.0,0.872,0.012,0.69,0.924
f08-d10-t-4.4,1.0,0.952,0.958,0.998,0.006,1.0,0.872,0.008,0.69,0.924
f08-d10-t-4.6,1.0,0.952,0.958,0.998,0.006,1.0,0.872,0.004,0.686,0.924
f08-d10-t-4.8,1.0,0.952,0.958,0.998,0.006,1.0,0.872,0.004,0.686,0.924
f08-d10-t-5.0,1.0,0.952,0.958,0.998,0.006,1.0,0.872,0.002,0.682,0.924
f08-d10-t-5.2,1.0,0.952,0.958,0.998,0.006,1.0,0.872,0.0,0.682,0.924
f08-d10-t-5.4,1.0,0.952,0.958,0.998,0.006,1.0,0.872,0.0,0.682,0.924
f08-d10-t-5.6,1.0,0.952,0.958,0.998,0.006,1.0,0.872,0.0,0.68,0.924
f08-d10-t-5.8,1.0,0.952,0.95,0.998,0.006,1.0,0.868,0.0,0.674,0.924
f08-d10-t-6.0,1.0,0.952,0.926,0.998,0.006,1.0,0.866,0.0,0.668,0.924
f08-d10-t-6.2,1.0,0.952,0.892,0.998,0.006,1.0,0.86,0.0,0.656,0.924
f08-d10-t-6.4,1.0,0.952,0.846,0.998,0.006,1.0,0.844,0.0,0.58,0.924
f08-d10-t-6.6,1.0,0.952,0.82,0.998,0.006,1.0,0.82,0.0,0.478,0.924
f08-d10-t-6.8,1.0,0.952,0.792,0.998,0.004,1.0,0.78,0.0,0.372,0.924
f08-d10-t-7.0,1.0,0.952,0.77,0.998,0.004,1.0,0.726,0.0,0.266,0.924
f08-d10-t-7.2,1.0,0.952,0.738,0.998,0.004,1.0,0.652,0.0,0.174,0.924
f08-d10-t-7.4,1.0,0.952,0.712,0.998,0.002,1.0,0.552,0.0,0.114,0.924
f08-d10-t-7.6,1.0,0.952,0.688,0.998,0.002,1.0,0.486,0.0,0.07,0.924
f08-d10-t-7.8,1.0,0.952,0.668,0.998,0.002,1.0,0.396,0.0,0.042,0.924
f08-d10-t-8.0,1.0,0.952,0.642,0.998,0.002,1.0,0.328,0.0,0.018,0.924
f08-d10-t0.0,1.0,0.952,1.0,0.998,1.0,1.0,0.872,0.664,0.772,0.924
f08-d10-t0.2,1.0,0.952,1.0,0.998,1.0,1.0,0.872,0.69,0.776,0.924
f08-d10-t0.4,1.0,0.952,1.0,0.998,1.0,1.0,0.872,0.698,0.782,0.924
f08-d10-t0.6,1.0,0.952,1.0,0.998,1.0,1.0,0.872,0.722,0.79,0.924
f08-d10-t0.8,1.0,1.0,1.0,1.0,1.0,1.0,1.0,0.944,0.998,1.0
f08-d10-t1.0,1.0,1.0,1.0,1.0,1.0,1.0,1.0,0.992,1.0,1.0
f08-d10-t1.2,1.0,1.0,1.0,1.0,1.0,1.0,1.0,0.992,1.0,1.0
f08-d10-t1.4,1.0,1.0,1.0,1.0,1.0,1.0,1.0,0.992,1.0,1.0
f08-d10-t1.6,1.0,1.0,1.0,1.0,1.0,1.0,1.0,0.992,1.0,1.0
f08-d10-t1.8,1.0,1.0,1.0,1.0,1.0,1.0,1.0,0.992,1.0,1.0
f08-d10-t2.0,1.0,1.0,1.0,1.0,1.0,1.0,1.0,1.0,1.0,1.0
f09-d10-t-0.2,1.0,0.986,1.0,0.998,1.0,1.0,1.0,0.724,1.0,0.918
f09-d10-t-0.4,1.0,0.986,1.0,0.998,1.0,1.0,1.0,0.678,1.0,0.918
f09-d10-t-0.6,1.0,0.986,1.0,0.998,1.0,1.0,1.0,0.654,1.0,0.918
f09-d10-t-0.8,1.0,0.986,1.0,0.998,1.0,1.0,1.0,0.64,1.0,0.918
f09-d10-t-1.0,1.0,0.986,1.0,0.998,0.982,1.0,1.0,0.61,1.0,0.918
f09-d10-t-1.2,1.0,0.986,1.0,0.998,0.918,1.0,1.0,0.554,1.0,0.918
f09-d10-t-1.4,1.0,0.986,1.0,0.998,0.776,1.0,1.0,0.498,1.0,0.918
f09-d10-t-1.6,1.0,0.986,0.996,0.998,0.578,1.0,1.0,0.448,1.0,0.918
f09-d10-t-1.8,1.0,0.986,0.994,0.998,0.38,1.0,1.0,0.386,1.0,0.918
f09-d10-t-2.0,1.0,0.986,0.992,0.998,0.212,1.0,1.0,0.318,1.0,0.918
f09-d10-t-2.2,1.0,0.986,0.988,0.998,0.108,1.0,1.0,0.252,1.0,0.918
f09-d10-t-2.4,1.0,0.986,0.98,0.998,0.058,1.0,1.0,0.194,1.0,0.918
f09-d10-t-2.6,1.0,0.986,0.976,0.998,0.034,1.0,1.0,0.142,1.0,0.918
f09-d10-t-2.8,1.0,0.986,0.976,0.998,0.02,1.0,1.0,0.112,1.0,0.918
f09-d10-t-3.0,1.0,0.986,0.974,0.998,0.014,1.0,1.0,0.086,1.0,0.918
f09-d10-t-3.2,1.0,0.986,0.974,0.998,0.014,1.0,1.0,0.07,1.0,0.918
f09-d10-t-3.4,1.0,0.986,0.974,0.998,0.014,1.0,1.0,0.056,1.0,0.918
f09-d10-t-3.6,1.0,0.986,0.974,0.998,0.014,1.0,1.0,0.038,1.0,0.918
f09-d10-t-3.8,1.0,0.986,0.974,0.998,0.012,1.0,1.0,0.028,1.0,0.918
f09-d10-t-4.0,1.0,0.986,0.974,0.998,0.012,1.0,1.0,0.026,1.0,0.918
f09-d10-t-4.2,1.0,0.986,0.974,0.998,0.012,1.0,1.0,0.022,1.0,0.918
f09-d10-t-4.4,1.0,0.986,0.974,0.998,0.012,1.0,1.0,0.016,1.0,0.918
f09-d10-t-4.6,1.0,0.986,0.974,0.998,0.012,1.0,1.0,0.014,1.0,0.918
f09-d10-t-4.8,1.0,0.986,0.974,0.998,0.012,1.0,1.0,0.008,1.0,0.918
f09-d10-t-5.0,1.0,0.986,0.974,0.998,0.012,1.0,1.0,0.004,1.0,0.918
f09-d10-t-5.2,1.0,0.986,0.974,0.998,0.012,1.0,1.0,0.004,1.0,0.918
f09-d10-t-5.4,1.0,0.986,0.974,0.998,0.012,1.0,1.0,0.002,1.0,0.918
f09-d10-t-5.6,1.0,0.986,0.974,0.998,0.012,1.0,1.0,0.002,1.0,0.918
f09-d10-t-5.8,1.0,0.986,0.974,0.998,0.012,1.0,1.0,0.002,1.0,0.918
f09-d10-t-6.0,1.0,0.986,0.972,0.998,0.012,1.0,1.0,0.002,1.0,0.918
f09-d10-t-6.2,1.0,0.986,0.972,0.998,0.012,1.0,1.0,0.002,1.0,0.918
f09-d10-t-6.4,1.0,0.986,0.972,0.998,0.012,1.0,1.0,0.002,1.0,0.918
f09-d10-t-6.6,1.0,0.986,0.972,0.998,0.012,1.0,1.0,0.0,1.0,0.918
f09-d10-t-6.8,1.0,0.986,0.972,0.998,0.012,1.0,0.95,0.0,0.0,0.918
f09-d10-t-7.0,1.0,0.986,0.972,0.998,0.012,1.0,0.902,0.0,0.0,0.918
f09-d10-t-7.2,1.0,0.986,0.972,0.998,0.012,1.0,0.89,0.0,0.0,0.918
f09-d10-t-7.4,1.0,0.986,0.972,0.998,0.012,1.0,0.89,0.0,0.0,0.918
f09-d10-t-7.6,1.0,0.986,0.972,0.998,0.012,1.0,0.89,0.0,0.0,0.918
f09-d10-t-7.8,1.0,0.986,0.972,0.998,0.012,1.0,0.89,0.0,0.0,0.918
f09-d10-t-8.0,1.0,0.986,0.972,0.998,0.012,1.0,0.888,0.0,0.0,0.918
f09-d10-t0.0,1.0,0.986,1.0,0.998,1.0,1.0,1.0,0.77,1.0,0.918
f09-d10-t0.2,1.0,0.986,1.0,0.998,1.0,1.0,1.0,0.814,1.0,0.918
f09-d10-t0.4,1.0,0.986,1.0,0.998,1.0,1.0,1.0,0.898,1.0,0.918
f09-d10-t0.6,1.0,0.986,1.0,0.998,1.0,1.0,1.0,0.958,1.0,0.918
f09-d10-t0.8,1.0,1.0,1.0,1.0,1.0,1.0,1.0,1.0,1.0,1.0
f09-d10-t1.0,1.0,1.0,1.0,1.0,1.0,1.0,1.0,1.0,1.0,1.0
f09-d10-t1.2,1.0,1.0,1.0,1.0,1.0,1.0,1.0,1.0,1.0,1.0
f09-d10-t1.4,1.0,1.0,1.0,1.0,1.0,1.0,1.0,1.0,1.0,1.0
f09-d10-t1.6,1.0,1.0,1.0,1.0,1.0,1.0,1.0,1.0,1.0,1.0
f09-d10-t1.8,1.0,1.0,1.0,1.0,1.0,1.0,1.0,1.0,1.0,1.0
f09-d10-t2.0,1.0,1.0,1.0,1.0,1.0,1.0,1.0,1.0,1.0,1.0
f10-d10-t-0.2,1.0,1.0,1.0,1.0,1.0,1.0,0.996,0.004,1.0,1.0
f10-d10-t-0.4,1.0,1.0,1.0,1.0,1.0,1.0,0.984,0.002,1.0,1.0
f10-d10-t-0.6,1.0,1.0,1.0,1.0,1.0,1.0,0.982,0.0,1.0,1.0
f10-d10-t-0.8,1.0,1.0,1.0,1.0,1.0,1.0,0.982,0.0,1.0,1.0
f10-d10-t-1.0,1.0,1.0,1.0,1.0,1.0,1.0,0.98,0.0,1.0,1.0
f10-d10-t-1.2,1.0,1.0,1.0,1.0,1.0,1.0,0.98,0.0,1.0,1.0
f10-d10-t-1.4,1.0,1.0,1.0,1.0,1.0,1.0,0.97,0.0,1.0,1.0
f10-d10-t-1.6,1.0,1.0,1.0,1.0,1.0,1.0,0.966,0.0,1.0,1.0
f10-d10-t-1.8,1.0,1.0,1.0,1.0,1.0,1.0,0.934,0.0,1.0,1.0
f10-d10-t-2.0,1.0,1.0,1.0,1.0,1.0,1.0,0.922,0.0,1.0,1.0
f10-d10-t-2.2,1.0,1.0,1.0,1.0,1.0,1.0,0.914,0.0,1.0,1.0
f10-d10-t-2.4,1.0,1.0,1.0,1.0,1.0,1.0,0.882,0.0,1.0,1.0
f10-d10-t-2.6,1.0,1.0,1.0,1.0,1.0,1.0,0.826,0.0,1.0,1.0
f10-d10-t-2.8,1.0,1.0,1.0,1.0,1.0,1.0,0.792,0.0,1.0,1.0
f10-d10-t-3.0,1.0,1.0,1.0,1.0,1.0,1.0,0.74,0.0,1.0,1.0
f10-d10-t-3.2,1.0,1.0,1.0,1.0,1.0,1.0,0.678,0.0,0.998,1.0
f10-d10-t-3.4,1.0,1.0,1.0,1.0,1.0,1.0,0.638,0.0,0.996,1.0
f10-d10-t-3.6,1.0,1.0,1.0,1.0,1.0,1.0,0.574,0.0,0.996,1.0
f10-d10-t-3.8,1.0,1.0,1.0,1.0,1.0,1.0,0.484,0.0,0.996,1.0
f10-d10-t-4.0,1.0,1.0,1.0,1.0,1.0,1.0,0.434,0.0,0.994,1.0
f10-d10-t-4.2,1.0,1.0,1.0,1.0,1.0,1.0,0.332,0.0,0.988,1.0
f10-d10-t-4.4,1.0,1.0,1.0,1.0,1.0,1.0,0.258,0.0,0.966,1.0
f10-d10-t-4.6,1.0,1.0,1.0,1.0,1.0,1.0,0.188,0.0,0.936,1.0
f10-d10-t-4.8,1.0,1.0,1.0,1.0,1.0,1.0,0.132,0.0,0.908,1.0
f10-d10-t-5.0,1.0,1.0,1.0,1.0,1.0,1.0,0.086,0.0,0.848,1.0
f10-d10-t-5.2,1.0,1.0,1.0,1.0,1.0,1.0,0.056,0.0,0.73,1.0
f10-d10-t-5.4,1.0,1.0,1.0,1.0,1.0,1.0,0.028,0.0,0.65,1.0
f10-d10-t-5.6,1.0,1.0,1.0,1.0,1.0,1.0,0.016,0.0,0.524,1.0
f10-d10-t-5.8,1.0,1.0,1.0,1.0,1.0,1.0,0.01,0.0,0.402,1.0
f10-d10-t-6.0,1.0,1.0,1.0,1.0,1.0,1.0,0.004,0.0,0.27,1.0
f10-d10-t-6.2,1.0,1.0,1.0,1.0,1.0,1.0,0.004,0.0,0.188,1.0
f10-d10-t-6.4,1.0,1.0,1.0,1.0,1.0,1.0,0.002,0.0,0.1,1.0
f10-d10-t-6.6,1.0,1.0,1.0,1.0,1.0,1.0,0.002,0.0,0.052,1.0
f10-d10-t-6.8,1.0,1.0,1.0,1.0,1.0,1.0,0.0,0.0,0.02,1.0
f10-d10-t-7.0,1.0,1.0,1.0,1.0,1.0,1.0,0.0,0.0,0.006,1.0
f10-d10-t-7.2,1.0,1.0,1.0,1.0,1.0,1.0,0.0,0.0,0.0,1.0
f10-d10-t-7.4,1.0,1.0,1.0,1.0,1.0,1.0,0.0,0.0,0.0,1.0
f10-d10-t-7.6,1.0,1.0,1.0,1.0,1.0,1.0,0.0,0.0,0.0,1.0
f10-d10-t-7.8,1.0,1.0,1.0,1.0,1.0,1.0,0.0,0.0,0.0,1.0
f10-d10-t-8.0,1.0,1.0,1.0,1.0,1.0,1.0,0.0,0.0,0.0,1.0
f10-d10-t0.0,1.0,1.0,1.0,1.0,1.0,1.0,0.996,0.008,1.0,1.0
f10-d10-t0.2,1.0,1.0,1.0,1.0,1.0,1.0,0.996,0.016,1.0,1.0
f10-d10-t0.4,1.0,1.0,1.0,1.0,1.0,1.0,0.998,0.032,1.0,1.0
f10-d10-t0.6,1.0,1.0,1.0,1.0,1.0,1.0,0.998,0.06,1.0,1.0
f10-d10-t0.8,1.0,1.0,1.0,1.0,1.0,1.0,0.998,0.086,1.0,1.0
f10-d10-t1.0,1.0,1.0,1.0,1.0,1.0,1.0,1.0,0.112,1.0,1.0
f10-d10-t1.2,1.0,1.0,1.0,1.0,1.0,1.0,1.0,0.176,1.0,1.0
f10-d10-t1.4,1.0,1.0,1.0,1.0,1.0,1.0,1.0,0.238,1.0,1.0
f10-d10-t1.6,1.0,1.0,1.0,1.0,1.0,1.0,1.0,0.342,1.0,1.0
f10-d10-t1.8,1.0,1.0,1.0,1.0,1.0,1.0,1.0,0.444,1.0,1.0
f10-d10-t2.0,1.0,1.0,1.0,1.0,1.0,1.0,1.0,0.578,1.0,1.0
f11-d10-t-0.2,1.0,1.0,1.0,1.0,1.0,1.0,0.99,0.0,1.0,0.998
f11-d10-t-0.4,1.0,1.0,1.0,1.0,1.0,1.0,0.988,0.0,1.0,0.998
f11-d10-t-0.6,1.0,1.0,1.0,1.0,1.0,1.0,0.984,0.0,1.0,0.998
f11-d10-t-0.8,1.0,1.0,1.0,1.0,1.0,1.0,0.974,0.0,1.0,0.998
f11-d10-t-1.0,1.0,1.0,1.0,1.0,1.0,1.0,0.966,0.0,1.0,0.998
f11-d10-t-1.2,1.0,1.0,1.0,1.0,1.0,1.0,0.95,0.0,1.0,0.998
f11-d10-t-1.4,1.0,1.0,1.0,1.0,1.0,1.0,0.936,0.0,1.0,0.998
f11-d10-t-1.6,1.0,1.0,1.0,1.0,1.0,1.0,0.914,0.0,1.0,0.998
f11-d10-t-1.8,1.0,1.0,1.0,1.0,1.0,1.0,0.88,0.0,1.0,0.998
f11-d10-t-2.0,1.0,1.0,1.0,1.0,1.0,1.0,0.848,0.0,1.0,0.998
f11-d10-t-2.2,1.0,1.0,1.0,1.0,1.0,1.0,0.758,0.0,1.0,0.998
f11-d10-t-2.4,1.0,1.0,1.0,1.0,1.0,1.0,0.682,0.0,1.0,0.998
f11-d10-t-2.6,1.0,1.0,1.0,1.0,1.0,1.0,0.576,0.0,1.0,0.998
f11-d10-t-2.8,1.0,1.0,1.0,1.0,1.0,1.0,0.442,0.0,1.0,0.998
f11-d10-t-3.0,1.0,1.0,1.0,1.0,1.0,1.0,0.362,0.0,0.998,0.998
f11-d10-t-3.2,1.0,1.0,1.0,1.0,1.0,1.0,0.282,0.0,0.988,0.998
f11-d10-t-3.4,1.0,1.0,1.0,1.0,1.0,1.0,0.228,0.0,0.98,0.998
f11-d10-t-3.6,1.0,1.0,1.0,1.0,1.0,1.0,0.184,0.0,0.96,0.998
f11-d10-t-3.8,1.0,1.0,1.0,1.0,1.0,1.0,0.144,0.0,0.916,0.998
f11-d10-t-4.0,1.0,1.0,1.0,1.0,1.0,1.0,0.098,0.0,0.86,0.998
f11-d10-t-4.2,1.0,1.0,1.0,1.0,1.0,1.0,0.062,0.0,0.792,0.998
f11-d10-t-4.4,1.0,1.0,1.0,1.0,1.0,1.0,0.036,0.0,0.686,0.998
f11-d10-t-4.6,1.0,1.0,1.0,1.0,1.0,1.0,0.018,0.0,0.594,0.998
f11-d10-t-4.8,1.0,1.0,1.0,1.0,1.0,1.0,0.008,0.0,0.488,0.998
f11-d10-t-5.0,1.0,1.0,1.0,1.0,1.0,1.0,0.006,0.0,0.362,0.998
f11-d10-t-5.2,1.0,1.0,1.0,1.0,1.0,1.0,0.004,0.0,0.254,0.998
f11-d10-t-5.4,1.0,1.0,1.0,1.0,1.0,1.0,0.0,0.0,0.184,0.998
f11-d10-t-5.6,1.0,1.0,1.0,1.0,1.0,1.0,0.0,0.0,0.114,0.998
f11-d10-t-5.8,1.0,1.0,1.0,1.0,1.0,1.0,0.0,0.0,0.076,0.998
f11-d10-t-6.0,1.0,1.0,1.0,1.0,1.0,1.0,0.0,0.0,0.054,0.998
f11-d10-t-6.2,1.0,1.0,1.0,1.0,1.0,1.0,0.0,0.0,0.024,0.998
f11-d10-t-6.4,1.0,1.0,1.0,1.0,1.0,1.0,0.0,0.0,0.012,0.998
f11-d10-t-6.6,1.0,1.0,1.0,1.0,1.0,1.0,0.0,0.0,0.01,0.998
f11-d10-t-6.8,1.0,1.0,1.0,1.0,1.0,1.0,0.0,0.0,0.008,0.998
f11-d10-t-7.0,1.0,1.0,1.0,1.0,1.0,1.0,0.0,0.0,0.002,0.998
f11-d10-t-7.2,1.0,1.0,1.0,1.0,1.0,1.0,0.0,0.0,0.002,0.998
f11-d10-t-7.4,1.0,1.0,1.0,1.0,1.0,1.0,0.0,0.0,0.0,0.998
f11-d10-t-7.6,1.0,1.0,1.0,1.0,1.0,1.0,0.0,0.0,0.0,0.998
f11-d10-t-7.8,1.0,1.0,1.0,1.0,1.0,1.0,0.0,0.0,0.0,0.998
f11-d10-t-8.0,1.0,1.0,1.0,1.0,1.0,1.0,0.0,0.0,0.0,0.998
f11-d10-t0.0,1.0,1.0,1.0,1.0,1.0,1.0,0.99,0.0,1.0,0.998
f11-d10-t0.2,1.0,1.0,1.0,1.0,1.0,1.0,0.992,0.0,1.0,0.998
f11-d10-t0.4,1.0,1.0,1.0,1.0,1.0,1.0,0.994,0.0,1.0,0.998
f11-d10-t0.6,1.0,1.0,1.0,1.0,1.0,1.0,1.0,0.004,1.0,0.998
f11-d10-t0.8,1.0,1.0,1.0,1.0,1.0,1.0,1.0,0.004,1.0,0.998
f11-d10-t1.0,1.0,1.0,1.0,1.0,1.0,1.0,1.0,0.008,1.0,0.998
f11-d10-t1.2,1.0,1.0,1.0,1.0,1.0,1.0,1.0,0.036,1.0,0.998
f11-d10-t1.4,1.0,1.0,1.0,1.0,1.0,1.0,1.0,0.096,1.0,0.998
f11-d10-t1.6,1.0,1.0,1.0,1.0,1.0,1.0,1.0,0.276,1.0,0.998
f11-d10-t1.8,1.0,1.0,1.0,1.0,1.0,1.0,1.0,0.538,1.0,0.998
f11-d10-t2.0,1.0,1.0,1.0,1.0,1.0,1.0,1.0,0.742,1.0,0.998
f12-d10-t-0.2,0.996,1.0,0.976,1.0,0.986,1.0,0.998,0.27,0.372,1.0
f12-d10-t-0.4,0.994,1.0,0.972,1.0,0.978,1.0,0.992,0.206,0.344,1.0
f12-d10-t-0.6,0.994,1.0,0.972,1.0,0.97,1.0,0.99,0.166,0.32,1.0
f12-d10-t-0.8,0.992,1.0,0.962,1.0,0.97,1.0,0.98,0.146,0.3,1.0
f12-d10-t-1.0,0.986,1.0,0.96,1.0,0.962,1.0,0.972,0.112,0.29,1.0
f12-d10-t-1.2,0.984,1.0,0.958,1.0,0.958,1.0,0.954,0.098,0.284,1.0
f12-d10-t-1.4,0.982,1.0,0.954,1.0,0.954,1.0,0.944,0.084,0.28,1.0
f12-d10-t-1.6,0.982,1.0,0.954,1.0,0.954,1.0,0.93,0.072,0.258,1.0
f12-d10-t-1.8,0.982,1.0,0.954,1.0,0.95,1.0,0.92,0.05,0.248,1.0
f12-d10-t-2.0,0.982,1.0,0.952,1.0,0.95,1.0,0.906,0.032,0.236,1.0
f12-d10-t-2.2,0.982,1.0,0.95,1.0,0.94,1.0,0.9,0.024,0.224,1.0
f12-d10-t-2.4,0.982,1.0,0.946,1.0,0.932,1.0,0.89,0.022,0.212,1.0
f12-d10-t-2.6,0.982,1.0,0.942,1.0,0.912,1.0,0.878,0.016,0.19,1.0
f12-d10-t-2.8,0.982,1.0,0.932,1.0,0.886,1.0,0.878,0.01,0.184,1.0
f12-d10-t-3.0,0.982,1.0,0.924,1.0,0.81,1.0,0.874,0.008,0.176,1.0
f12-d10-t-3.2,0.982,1.0,0.91,1.0,0.736,1.0,0.87,0.008,0.164,1.0
f12-d10-t-3.4,0.982,1.0,0.882,1.0,0.636,1.0,0.87,0.006,0.152,1.0
f12-d10-t-3.6,0.982,1.0,0.844,1.0,0.48,1.0,0.87,0.006,0.142,1.0
f12-d10-t-3.8,0.982,1.0,0.818,1.0,0.398,1.0,0.862,0.004,0.136,1.0
f12-d10-t-4.0,0.98,1.0,0.756,1.0,0.304,1.0,0.85,0.002,0.126,1.0
f12-d10-t-4.2,0.978,1.0,0.698,1.0,0.244,1.0,0.818,0.0,0.112,1.0
f12-d10-t-4.4,0.978,1.0,0.622,1.0,0.194,1.0,0.76,0.0,0.086,1.0
f12-d10-t-4.6,0.972,1.0,0.558,1.0,0.158,1.0,0.718,0.0,0.07,1.0
f12-d10-t-4.8,0.968,1.0,0.498,1.0,0.138,1.0,0.66,0.0,0.058,1.0
f12-d10-t-5.0,0.968,1.0,0.44,1.0,0.128,1.0,0.576,0.0,0.052,1.0
f12-d10-t-5.2,0.966,1.0,0.388,1.0,0.102,1.0,0.506,0.0,0.04,1.0
f12-d10-t-5.4,0.962,1.0,0.344,1.0,0.096,1.0,0.41,0.0,0.026,1.0
f12-d10-t-5.6,0.954,1.0,0.312,1.0,0.092,1.0,0.324,0.0,0.02,1.0
f12-d10-t-5.8,0.948,1.0,0.292,1.0,0.088,1.0,0.242,0.0,0.012,1.0
f12-d10-t-6.0,0.94,1.0,0.264,1.0,0.086,1.0,0.166,0.0,0.008,1.0
f12-d10-t-6.2,0.932,1.0,0.242,1.0,0.084,1.0,0.11,0.0,0.004,1.0
f12-d10-t-6.4,0.93,1.0,0.222,1.0,0.082,1.0,0.074,0.0,0.002,1.0
f12-d10-t-6.6,0.914,1.0,0.206,1.0,0.08,1.0,0.048,0.0,0.0,0.998
f12-d10-t-6.8,0.908,1.0,0.194,1.0,0.074,1.0,0.028,0.0,0.0,0.998
f12-d10-t-7.0,0.898,1.0,0.188,1.0,0.07,1.0,0.018,0.0,0.0,0.996
f12-d10-t-7.2,0.894,1.0,0.18,1.0,0.07,1.0,0.01,0.0,0.0,0.994
f12-d10-t-7.4,0.89,1.0,0.172,1.0,0.07,1.0,0.004,0.0,0.0,0.992
f12-d10-t-7.6,0.886,1.0,0.164,1.0,0.07,1.0,0.002,0.0,0.0,0.992
f12-d10-t-7.8,0.884,1.0,0.16,1.0,0.07,1.0,0.0,0.0,0.0,0.992
f12-d10-t-8.0,0.882,1.0,0.156,1.0,0.07,1.0,0.0,0.0,0.0,0.992
f12-d10-t0.0,1.0,1.0,0.982,1.0,0.994,1.0,1.0,0.322,0.408,1.0
f12-d10-t0.2,1.0,1.0,0.992,1.0,0.998,1.0,1.0,0.392,0.458,1.0
f12-d10-t0.4,1.0,1.0,0.994,1.0,1.0,1.0,1.0,0.454,0.496,1.0
f12-d10-t0.6,1.0,1.0,0.998,1.0,1.0,1.0,1.0,0.558,0.56,1.0
f12-d10-t0.8,1.0,1.0,1.0,1.0,1.0,1.0,1.0,0.648,0.628,1.0
f12-d10-t1.0,1.0,1.0,1.0,1.0,1.0,1.0,1.0,0.75,0.686,1.0
f12-d10-t1.2,1.0,1.0,1.0,1.0,1.0,1.0,1.0,0.838,0.754,1.0
f12-d10-t1.4,1.0,1.0,1.0,1.0,1.0,1.0,1.0,0.904,0.816,1.0
f12-d10-t1.6,1.0,1.0,1.0,1.0,1.0,1.0,1.0,0.942,0.864,1.0
f12-d10-t1.8,1.0,1.0,1.0,1.0,1.0,1.0,1.0,0.974,0.898,1.0
f12-d10-t2.0,1.0,1.0,1.0,1.0,1.0,1.0,1.0,0.988,0.932,1.0
f13-d10-t-0.2,1.0,1.0,1.0,1.0,1.0,1.0,0.226,0.154,1.0,0.93
f13-d10-t-0.4,1.0,1.0,1.0,1.0,1.0,1.0,0.174,0.122,1.0,0.896
f13-d10-t-0.6,1.0,1.0,1.0,1.0,1.0,1.0,0.128,0.102,1.0,0.868
f13-d10-t-0.8,1.0,1.0,1.0,1.0,1.0,1.0,0.106,0.082,1.0,0.836
f13-d10-t-1.0,1.0,1.0,1.0,1.0,1.0,1.0,0.086,0.062,1.0,0.812
f13-d10-t-1.2,1.0,1.0,1.0,1.0,1.0,1.0,0.074,0.048,1.0,0.796
f13-d10-t-1.4,1.0,1.0,1.0,1.0,1.0,1.0,0.058,0.042,1.0,0.792
f13-d10-t-1.6,1.0,0.996,1.0,1.0,1.0,1.0,0.048,0.032,1.0,0.784
f13-d10-t-1.8,1.0,0.992,1.0,1.0,1.0,1.0,0.042,0.02,1.0,0.778
f13-d10-t-2.0,1.0,0.99,1.0,1.0,1.0,1.0,0.036,0.016,1.0,0.772
f13-d10-t-2.2,1.0,0.988,1.0,1.0,1.0,1.0,0.032,0.012,1.0,0.77
f13-d10-t-2.4,1.0,0.972,1.0,1.0,1.0,1.0,0.026,0.006,0.982,0.768
f13-d10-t-2.6,1.0,0.968,1.0,1.0,1.0,1.0,0.016,0.006,0.886,0.764
f13-d10-t-2.8,1.0,0.962,1.0,1.0,1.0,1.0,0.014,0.006,0.612,0.762
f13-d10-t-3.0,1.0,0.962,1.0,1.0,1.0,1.0,0.014,0.002,0.36,0.758
f13-d10-t-3.2,1.0,0.96,1.0,1.0,1.0,1.0,0.014,0.0,0.21,0.748
f13-d10-t-3.4,1.0,0.958,1.0,1.0,1.0,1.0,0.006,0.0,0.132,0.742
f13-d10-t-3.6,1.0,0.958,1.0,1.0,1.0,1.0,0.006,0.0,0.074,0.71
f13-d10-t-3.8,1.0,0.958,1.0,1.0,1.0,1.0,0.004,0.0,0.046,0.694
f13-d10-t-4.0,1.0,0.958,1.0,1.0,1.0,1.0,0.004,0.0,0.022,0.682
f13-d10-t-4.2,1.0,0.956,1.0,1.0,1.0,1.0,0.004,0.0,0.016,0.64
f13-d10-t-4.4,1.0,0.956,1.0,1.0,1.0,1.0,0.004,0.0,0.004,0.62
f13-d10-t-4.6,1.0,0.952,1.0,1.0,1.0,1.0,0.002,0.0,0.002,0.606
f13-d10-t-4.8,1.0,0.948,1.0,1.0,1.0,1.0,0.002,0.0,0.0,0.596
f13-d10-t-5.0,1.0,0.946,1.0,1.0,1.0,1.0,0.002,0.0,0.0,0.576
f13-d10-t-5.2,1.0,0.944,1.0,1.0,1.0,1.0,0.002,0.0,0.0,0.552
f13-d10-t-5.4,1.0,0.942,1.0,1.0,1.0,1.0,0.002,0.0,0.0,0.538
f13-d10-t-5.6,1.0,0.934,1.0,1.0,1.0,1.0,0.0,0.0,0.0,0.534
f13-d10-t-5.8,1.0,0.926,1.0,1.0,1.0,1.0,0.0,0.0,0.0,0.526
f13-d10-t-6.0,1.0,0.916,1.0,1.0,1.0,1.0,0.0,0.0,0.0,0.52
f13-d10-t-6.2,1.0,0.904,1.0,1.0,1.0,1.0,0.0,0.0,0.0,0.514
f13-d10-t-6.4,1.0,0.894,1.0,1.0,1.0,1.0,0.0,0.0,0.0,0.506
f13-d10-t-6.6,1.0,0.882,1.0,1.0,1.0,1.0,0.0,0.0,0.0,0.504
f13-d10-t-6.8,1.0,0.874,1.0,1.0,1.0,1.0,0.0,0.0,0.0,0.498
f13-d10-t-7.0,1.0,0.868,1.0,1.0,1.0,1.0,0.0,0.0,0.0,0.482
f13-d10-t-7.2,1.0,0.868,1.0,0.998,1.0,1.0,0.0,0.0,0.0,0.48
f13-d10-t-7.4,1.0,0.864,1.0,0.996,1.0,1.0,0.0,0.0,0.0,0.468
f13-d10-t-7.6,1.0,0.86,1.0,0.996,1.0,1.0,0.0,0.0,0.0,0.458
f13-d10-t-7.8,1.0,0.858,1.0,0.996,1.0,1.0,0.0,0.0,0.0,0.446
f13-d10-t-8.0,1.0,0.852,1.0,0.996,1.0,1.0,0.0,0.0,0.0,0.434
f13-d10-t0.0,1.0,1.0,1.0,1.0,1.0,1.0,0.276,0.188,1.0,0.956
f13-d10-t0.2,1.0,1.0,1.0,1.0,1.0,1.0,0.33,0.238,1.0,0.974
f13-d10-t0.4,1.0,1.0,1.0,1.0,1.0,1.0,0.418,0.29,1.0,0.986
f13-d10-t0.6,1.0,1.0,1.0,1.0,1.0,1.0,0.52,0.384,1.0,0.996
f13-d10-t0.8,1.0,1.0,1.0,1.0,1.0,1.0,0.646,0.472,1.0,1.0
f13-d10-t1.0,1.0,1.0,1.0,1.0,1.0,1.0,0.746,0.586,1.0,1.0
f13-d10-t1.2,1.0,1.0,1.0,1.0,1.0,1.0,0.874,0.7,1.0,1.0
f13-d10-t1.4,1.0,1.0,1.0,1.0,1.0,1.0,0.94,0.816,1.0,1.0
f13-d10-t1.6,1.0,1.0,1.0,1.0,1.0,1.0,0.978,0.908,1.0,1.0
f13-d10-t1.8,1.0,1.0,1.0,1.0,1.0,1.0,0.998,0.97,1.0,1.0
f13-d10-t2.0,1.0,1.0,1.0,1.0,1.0,1.0,1.0,0.996,1.0,1.0
f14-d10-t-0.2,1.0,1.0,1.0,1.0,1.0,1.0,1.0,1.0,1.0,1.0
f14-d10-t-0.4,1.0,1.0,1.0,1.0,1.0,1.0,1.0,1.0,1.0,1.0
f14-d10-t-0.6,1.0,1.0,1.0,1.0,1.0,1.0,1.0,1.0,1.0,1.0
f14-d10-t-0.8,1.0,1.0,1.0,1.0,1.0,1.0,1.0,1.0,1.0,1.0
f14-d10-t-1.0,1.0,1.0,1.0,1.0,1.0,1.0,1.0,0.998,1.0,1.0
f14-d10-t-1.2,1.0,1.0,1.0,1.0,1.0,1.0,1.0,0.998,1.0,1.0
f14-d10-t-1.4,1.0,1.0,1.0,1.0,1.0,1.0,1.0,0.978,1.0,1.0
f14-d10-t-1.6,1.0,1.0,1.0,1.0,1.0,1.0,1.0,0.828,1.0,1.0
f14-d10-t-1.8,1.0,1.0,1.0,1.0,1.0,1.0,1.0,0.562,1.0,1.0
f14-d10-t-2.0,1.0,1.0,1.0,1.0,1.0,1.0,1.0,0.352,1.0,1.0
f14-d10-t-2.2,1.0,1.0,1.0,1.0,1.0,1.0,1.0,0.168,1.0,1.0
f14-d10-t-2.4,1.0,1.0,1.0,1.0,1.0,1.0,1.0,0.068,1.0,1.0
f14-d10-t-2.6,1.0,1.0,1.0,1.0,1.0,1.0,1.0,0.03,1.0,1.0
f14-d10-t-2.8,1.0,1.0,1.0,1.0,1.0,1.0,1.0,0.016,1.0,1.0
f14-d10-t-3.0,1.0,1.0,1.0,1.0,1.0,1.0,1.0,0.008,1.0,1.0
f14-d10-t-3.2,1.0,1.0,1.0,1.0,1.0,1.0,1.0,0.006,1.0,1.0
f14-d10-t-3.4,1.0,1.0,1.0,1.0,1.0,1.0,1.0,0.0,1.0,1.0
f14-d10-t-3.6,1.0,1.0,1.0,1.0,1.0,1.0,0.996,0.0,1.0,1.0
f14-d10-t-3.8,1.0,1.0,1.0,1.0,1.0,1.0,0.984,0.0,1.0,1.0
f14-d10-t-4.0,1.0,1.0,1.0,1.0,1.0,1.0,0.944,0.0,1.0,1.0
f14-d10-t-4.2,1.0,1.0,1.0,1.0,1.0,1.0,0.818,0.0,1.0,1.0
f14-d10-t-4.4,1.0,1.0,1.0,1.0,1.0,1.0,0.634,0.0,1.0,1.0
f14-d10-t-4.6,1.0,1.0,1.0,1.0,1.0,1.0,0.468,0.0,0.996,1.0
f14-d10-t-4.8,1.0,1.0,1.0,1.0,1.0,1.0,0.336,0.0,0.996,1.0
f14-d10-t-5.0,1.0,1.0,1.0,1.0,1.0,1.0,0.212,0.0,0.986,1.0
f14-d10-t-5.2,1.0,1.0,1.0,1.0,1.0,1.0,0.112,0.0,0.918,1.0
f14-d10-t-5.4,1.0,1.0,1.0,1.0,1.0,1.0,0.066,0.0,0.742,1.0
f14-d10-t-5.6,1.0,1.0,1.0,1.0,1.0,1.0,0.022,0.0,0.39,1.0
f14-d10-t-5.8,1.0,1.0,1.0,1.0,1.0,1.0,0.01,0.0,0.124,1.0
f14-d10-t-6.0,1.0,1.0,1.0,1.0,1.0,1.0,0.002,0.0,0.02,1.0
f14-d10-t-6.2,1.0,1.0,1.0,1.0,1.0,1.0,0.002,0.0,0.004,1.0
f14-d10-t-6.4,1.0,1.0,1.0,1.0,1.0,1.0,0.0,0.0,0.0,1.0
f14-d10-t-6.6,1.0,1.0,1.0,1.0,1.0,1.0,0.0,0.0,0.0,1.0
f14-d10-t-6.8,1.0,1.0,1.0,1.0,1.0,1.0,0.0,0.0,0.0,1.0
f14-d10-t-7.0,1.0,1.0,1.0,1.0,1.0,1.0,0.0,0.0,0.0,1.0
f14-d10-t-7.2,1.0,1.0,1.0,1.0,1.0,1.0,0.0,0.0,0.0,1.0
f14-d10-t-7.4,1.0,1.0,1.0,1.0,1.0,1.0,0.0,0.0,0.0,1.0
f14-d10-t-7.6,1.0,1.0,1.0,1.0,1.0,1.0,0.0,0.0,0.0,1.0
f14-d10-t-7.8,1.0,1.0,1.0,1.0,1.0,1.0,0.0,0.0,0.0,1.0
f14-d10-t-8.0,1.0,1.0,1.0,1.0,1.0,1.0,0.0,0.0,0.0,1.0
f14-d10-t0.0,1.0,1.0,1.0,1.0,1.0,1.0,1.0,1.0,1.0,1.0
f14-d10-t0.2,1.0,1.0,1.0,1.0,1.0,1.0,1.0,1.0,1.0,1.0
f14-d10-t0.4,1.0,1.0,1.0,1.0,1.0,1.0,1.0,1.0,1.0,1.0
f14-d10-t0.6,1.0,1.0,1.0,1.0,1.0,1.0,1.0,1.0,1.0,1.0
f14-d10-t0.8,1.0,1.0,1.0,1.0,1.0,1.0,1.0,1.0,1.0,1.0
f14-d10-t1.0,1.0,1.0,1.0,1.0,1.0,1.0,1.0,1.0,1.0,1.0
f14-d10-t1.2,1.0,1.0,1.0,1.0,1.0,1.0,1.0,1.0,1.0,1.0
f14-d10-t1.4,1.0,1.0,1.0,1.0,1.0,1.0,1.0,1.0,1.0,1.0
f14-d10-t1.6,1.0,1.0,1.0,1.0,1.0,1.0,1.0,1.0,1.0,1.0
f14-d10-t1.8,1.0,1.0,1.0,1.0,1.0,1.0,1.0,1.0,1.0,1.0
f14-d10-t2.0,1.0,1.0,1.0,1.0,1.0,1.0,1.0,1.0,1.0,1.0
f15-d10-t-0.2,0.44,0.002,0.79,0.0,0.98,0.124,0.0,0.0,0.0,0.0
f15-d10-t-0.4,0.44,0.002,0.79,0.0,0.98,0.124,0.0,0.0,0.0,0.0
f15-d10-t-0.6,0.44,0.002,0.79,0.0,0.98,0.124,0.0,0.0,0.0,0.0
f15-d10-t-0.8,0.44,0.002,0.79,0.0,0.98,0.124,0.0,0.0,0.0,0.0
f15-d10-t-1.0,0.44,0.002,0.79,0.0,0.98,0.124,0.0,0.0,0.0,0.0
f15-d10-t-1.2,0.44,0.002,0.79,0.0,0.98,0.124,0.0,0.0,0.0,0.0
f15-d10-t-1.4,0.44,0.002,0.79,0.0,0.98,0.124,0.0,0.0,0.0,0.0
f15-d10-t-1.6,0.44,0.002,0.79,0.0,0.98,0.124,0.0,0.0,0.0,0.0
f15-d10-t-1.8,0.44,0.002,0.79,0.0,0.98,0.124,0.0,0.0,0.0,0.0
f15-d10-t-2.0,0.44,0.002,0.79,0.0,0.98,0.124,0.0,0.0,0.0,0.0
f15-d10-t-2.2,0.44,0.002,0.79,0.0,0.98,0.124,0.0,0.0,0.0,0.0
f15-d10-t-2.4,0.44,0.002,0.79,0.0,0.98,0.124,0.0,0.0,0.0,0.0
f15-d10-t-2.6,0.44,0.002,0.79,0.0,0.98,0.124,0.0,0.0,0.0,0.0
f15-d10-t-2.8,0.44,0.002,0.79,0.0,0.98,0.124,0.0,0.0,0.0,0.0
f15-d10-t-3.0,0.44,0.002,0.79,0.0,0.98,0.124,0.0,0.0,0.0,0.0
f15-d10-t-3.2,0.44,0.002,0.79,0.0,0.98,0.124,0.0,0.0,0.0,0.0
f15-d10-t-3.4,0.44,0.002,0.79,0.0,0.98,0.124,0.0,0.0,0.0,0.0
f15-d10-t-3.6,0.44,0.002,0.79,0.0,0.98,0.124,0.0,0.0,0.0,0.0
f15-d10-t-3.8,0.44,0.002,0.79,0.0,0.98,0.124,0.0,0.0,0.0,0.0
f15-d10-t-4.0,0.44,0.002,0.79,0.0,0.98,0.124,0.0,0.0,0.0,0.0
f15-d10-t-4.2,0.44,0.002,0.79,0.0,0.98,0.124,0.0,0.0,0.0,0.0
f15-d10-t-4.4,0.44,0.002,0.79,0.0,0.98,0.124,0.0,0.0,0.0,0.0
f15-d10-t-4.6,0.44,0.002,0.79,0.0,0.98,0.124,0.0,0.0,0.0,0.0
f15-d10-t-4.8,0.44,0.002,0.79,0.0,0.98,0.124,0.0,0.0,0.0,0.0
f15-d10-t-5.0,0.44,0.002,0.79,0.0,0.98,0.124,0.0,0.0,0.0,0.0
f15-d10-t-5.2,0.44,0.002,0.79,0.0,0.98,0.124,0.0,0.0,0.0,0.0
f15-d10-t-5.4,0.44,0.002,0.79,0.0,0.98,0.124,0.0,0.0,0.0,0.0
f15-d10-t-5.6,0.44,0.002,0.79,0.0,0.98,0.124,0.0,0.0,0.0,0.0
f15-d10-t-5.8,0.44,0.002,0.79,0.0,0.98,0.124,0.0,0.0,0.0,0.0
f15-d10-t-6.0,0.44,0.002,0.79,0.0,0.98,0.124,0.0,0.0,0.0,0.0
f15-d10-t-6.2,0.44,0.002,0.79,0.0,0.98,0.124,0.0,0.0,0.0,0.0
f15-d10-t-6.4,0.44,0.002,0.79,0.0,0.98,0.124,0.0,0.0,0.0,0.0
f15-d10-t-6.6,0.44,0.002,0.79,0.0,0.98,0.124,0.0,0.0,0.0,0.0
f15-d10-t-6.8,0.44,0.002,0.79,0.0,0.98,0.124,0.0,0.0,0.0,0.0
f15-d10-t-7.0,0.44,0.002,0.79,0.0,0.98,0.124,0.0,0.0,0.0,0.0
f15-d10-t-7.2,0.44,0.002,0.79,0.0,0.98,0.124,0.0,0.0,0.0,0.0
f15-d10-t-7.4,0.44,0.002,0.79,0.0,0.98,0.124,0.0,0.0,0.0,0.0
f15-d10-t-7.6,0.44,0.002,0.79,0.0,0.98,0.124,0.0,0.0,0.0,0.0
f15-d10-t-7.8,0.44,0.002,0.79,0.0,0.978,0.124,0.0,0.0,0.0,0.0
f15-d10-t-8.0,0.44,0.002,0.79,0.0,0.978,0.124,0.0,0.0,0.0,0.0
f15-d10-t0.0,0.786,0.006,0.966,0.072,0.998,0.38,0.0,0.0,0.0,0.0
f15-d10-t0.2,0.786,0.006,0.966,0.072,0.998,0.38,0.0,0.0,0.0,0.0
f15-d10-t0.4,0.95,0.02,0.994,0.254,1.0,0.696,0.0,0.0,0.0,0.002
f15-d10-t0.6,0.996,0.262,1.0,0.708,1.0,0.964,0.0,0.0,0.0,0.026
f15-d10-t0.8,1.0,0.544,1.0,0.936,1.0,1.0,0.0,0.0,0.0,0.118
f15-d10-t1.0,1.0,0.866,1.0,0.998,1.0,1.0,0.0,0.0,0.0,0.354
f15-d10-t1.2,1.0,0.972,1.0,0.998,1.0,1.0,0.0,0.0,0.0,0.614
f15-d10-t1.4,1.0,1.0,1.0,1.0,1.0,1.0,0.0,0.0,0.002,0.934
f15-d10-t1.6,1.0,1.0,1.0,1.0,1.0,1.0,0.0,0.002,0.012,0.996
f15-d10-t1.8,1.0,1.0,1.0,1.0,1.0,1.0,0.022,0.02,0.06,1.0
f15-d10-t2.0,1.0,1.0,1.0,1.0,1.0,1.0,0.08,0.156,0.2,1.0
f16-d10-t-0.2,0.994,0.572,0.996,0.852,1.0,0.958,0.0,0.002,0.0,0.214
f16-d10-t-0.4,0.984,0.458,0.99,0.774,0.998,0.918,0.0,0.0,0.0,0.152
f16-d10-t-0.6,0.95,0.354,0.982,0.692,0.984,0.878,0.0,0.0,0.0,0.104
f16-d10-t-0.8,0.938,0.298,0.96,0.638,0.972,0.828,0.0,0.0,0.0,0.068
f16-d10-t-1.0,0.9,0.262,0.942,0.57,0.96,0.794,0.0,0.0,0.0,0.048
f16-d10-t-1.2,0.878,0.198,0.914,0.504,0.948,0.752,0.0,0.0,0.0,0.03
f16-d10-t-1.4,0.856,0.16,0.89,0.446,0.93,0.728,0.0,0.0,0.0,0.012
f16-d10-t-1.6,0.748,0.132,0.808,0.316,0.88,0.562,0.0,0.0,0.0,0.006
f16-d10-t-1.8,0.742,0.11,0.8,0.298,0.864,0.544,0.0,0.0,0.0,0.004
f16-d10-t-2.0,0.722,0.096,0.79,0.272,0.854,0.534,0.0,0.0,0.0,0.004
f16-d10-t-2.2,0.708,0.076,0.778,0.224,0.84,0.5,0.0,0.0,0.0,0.002
f16-d10-t-2.4,0.698,0.074,0.766,0.212,0.838,0.492,0.0,0.0,0.0,0.002
f16-d10-t-2.6,0.692,0.068,0.76,0.208,0.834,0.484,0.0,0.0,0.0,0.002
f16-d10-t-2.8,0.684,0.064,0.756,0.198,0.832,0.476,0.0,0.0,0.0,0.002
f16-d10-t-3.0,0.674,0.06,0.748,0.186,0.822,0.454,0.0,0.0,0.0,0.002
f16-d10-t-3.2,0.662,0.052,0.748,0.182,0.814,0.45,0.0,0.0,0.0,0.0
f16-d10-t-3.4,0.656,0.052,0.744,0.176,0.812,0.45,0.0,0.0,0.0,0.0
f16-d10-t-3.6,0.656,0.052,0.742,0.174,0.81,0.446,0.0,0.0,0.0,0.0
f16-d10-t-3.8,0.652,0.048,0.734,0.166,0.81,0.442,0.0,0.0,0.0,0.0
f16-d10-t-4.0,0.652,0.042,0.73,0.166,0.81,0.438,0.0,0.0,0.0,0.0
f16-d10-t-4.2,0.652,0.04,0.73,0.166,0.81,0.436,0.0,0.0,0.0,0.0
f16-d10-t-4.4,0.65,0.04,0.728,0.166,0.808,0.434,0.0,0.0,0.0,0.0
f16-d10-t-4.6,0.65,0.04,0.728,0.166,0.804,0.434,0.0,0.0,0.0,0.0
f16-d10-t-4.8,0.65,0.038,0.728,0.162,0.804,0.43,0.0,0.0,0.0,0.0
f16-d10-t-5.0,0.65,0.036,0.726,0.162,0.804,0.428,0.0,0.0,0.0,0.0
f16-d10-t-5.2,0.65,0.036,0.726,0.162,0.802,0.428,0.0,0.0,0.0,0.0
f16-d10-t-5.4,0.65,0.036,0.726,0.162,0.802,0.428,0.0,0.0,0.0,0.0
f16-d10-t-5.6,0.65,0.036,0.726,0.162,0.802,0.428,0.0,0.0,0.0,0.0
f16-d10-t-5.8,0.65,0.036,0.726,0.162,0.802,0.426,0.0,0.0,0.0,0.0
f16-d10-t-6.0,0.65,0.036,0.726,0.162,0.802,0.424,0.0,0.0,0.0,0.0
f16-d10-t-6.2,0.65,0.036,0.726,0.162,0.802,0.424,0.0,0.0,0.0,0.0
f16-d10-t-6.4,0.65,0.036,0.726,0.162,0.802,0.424,0.0,0.0,0.0,0.0
f16-d10-t-6.6,0.65,0.036,0.726,0.16,0.802,0.424,0.0,0.0,0.0,0.0
f16-d10-t-6.8,0.65,0.036,0.726,0.16,0.802,0.424,0.0,0.0,0.0,0.0
f16-d10-t-7.0,0.65,0.036,0.726,0.16,0.802,0.424,0.0,0.0,0.0,0.0
f16-d10-t-7.2,0.65,0.036,0.726,0.16,0.802,0.424,0.0,0.0,0.0,0.0
f16-d10-t-7.4,0.65,0.036,0.726,0.16,0.802,0.424,0.0,0.0,0.0,0.0
f16-d10-t-7.6,0.65,0.036,0.726,0.16,0.802,0.424,0.0,0.0,0.0,0.0
f16-d10-t-7.8,0.65,0.036,0.726,0.16,0.802,0.424,0.0,0.0,0.0,0.0
f16-d10-t-8.0,0.65,0.036,0.726,0.16,0.802,0.424,0.0,0.0,0.0,0.0
f16-d10-t0.0,1.0,0.712,1.0,0.92,1.0,0.992,0.0,0.002,0.0,0.294
f16-d10-t0.2,1.0,0.802,1.0,0.958,1.0,0.992,0.0,0.004,0.0,0.444
f16-d10-t0.4,1.0,0.878,1.0,0.986,1.0,0.998,0.0,0.004,0.0,0.608
f16-d10-t0.6,1.0,0.954,1.0,0.992,1.0,0.998,0.0,0.02,0.0,0.754
f16-d10-t0.8,1.0,0.976,1.0,0.994,1.0,0.998,0.0,0.076,0.0,0.88
f16-d10-t1.0,1.0,0.978,1.0,0.994,1.0,0.998,0.002,0.236,0.0,0.958
f16-d10-t1.2,1.0,0.986,1.0,0.998,1.0,1.0,0.006,0.502,0.008,0.99
f16-d10-t1.4,1.0,1.0,1.0,1.0,1.0,1.0,0.074,0.806,0.096,1.0
f16-d10-t1.6,1.0,1.0,1.0,1.0,1.0,1.0,0.29,0.978,0.538,1.0
f16-d10-t1.8,1.0,1.0,1.0,1.0,1.0,1.0,0.692,1.0,0.962,1.0
f16-d10-t2.0,1.0,1.0,1.0,1.0,1.0,1.0,0.96,1.0,1.0,1.0
f17-d10-t-0.2,1.0,1.0,1.0,1.0,1.0,1.0,0.0,0.0,0.0,0.974
f17-d10-t-0.4,1.0,0.998,1.0,1.0,1.0,1.0,0.0,0.0,0.0,0.956
f17-d10-t-0.6,1.0,0.996,1.0,1.0,1.0,1.0,0.0,0.0,0.0,0.932
f17-d10-t-0.8,1.0,0.99,1.0,1.0,1.0,1.0,0.0,0.0,0.0,0.898
f17-d10-t-1.0,1.0,0.984,1.0,1.0,1.0,1.0,0.0,0.0,0.0,0.868
f17-d10-t-1.2,1.0,0.982,1.0,1.0,1.0,1.0,0.0,0.0,0.0,0.82
f17-d10-t-1.4,1.0,0.974,1.0,1.0,1.0,1.0,0.0,0.0,0.0,0.746
f17-d10-t-1.6,1.0,0.958,1.0,0.996,1.0,1.0,0.0,0.0,0.0,0.674
f17-d10-t-1.8,1.0,0.926,1.0,0.994,1.0,1.0,0.0,0.0,0.0,0.61
f17-d10-t-2.0,1.0,0.91,1.0,0.994,1.0,1.0,0.0,0.0,0.0,0.51
f17-d10-t-2.2,1.0,0.884,1.0,0.992,1.0,1.0,0.0,0.0,0.0,0.426
f17-d10-t-2.4,1.0,0.856,1.0,0.99,1.0,1.0,0.0,0.0,0.0,0.362
f17-d10-t-2.6,1.0,0.818,1.0,0.986,1.0,1.0,0.0,0.0,0.0,0.278
f17-d10-t-2.8,1.0,0.762,1.0,0.986,1.0,1.0,0.0,0.0,0.0,0.218
f17-d10-t-3.0,1.0,0.728,1.0,0.978,1.0,1.0,0.0,0.0,0.0,0.166
f17-d10-t-3.2,1.0,0.692,1.0,0.978,1.0,1.0,0.0,0.0,0.0,0.118
f17-d10-t-3.4,1.0,0.658,1.0,0.972,1.0,1.0,0.0,0.0,0.0,0.084
f17-d10-t-3.6,1.0,0.634,1.0,0.966,1.0,1.0,0.0,0.0,0.0,0.06
f17-d10-t-3.8,1.0,0.58,1.0,0.966,1.0,1.0,0.0,0.0,0.0,0.046
f17-d10-t-4.0,1.0,0.552,1.0,0.964,1.0,1.0,0.0,0.0,0.0,0.036
f17-d10-t-4.2,1.0,0.51,1.0,0.96,1.0,1.0,0.0,0.0,0.0,0.02
f17-d10-t-4.4,1.0,0.44,1.0,0.958,1.0,1.0,0.0,0.0,0.0,0.016
f17-d10-t-4.6,1.0,0.386,1.0,0.952,1.0,1.0,0.0,0.0,0.0,0.01
f17-d10-t-4.8,1.0,0.336,1.0,0.948,1.0,1.0,0.0,0.0,0.0,0.006
f17-d10-t-5.0,1.0,0.266,1.0,0.912,1.0,1.0,0.0,0.0,0.0,0.006
f17-d10-t-5.2,1.0,0.248,1.0,0.912,1.0,1.0,0.0,0.0,0.0,0.004
f17-d10-t-5.4,1.0,0.222,1.0,0.902,1.0,1.0,0.0,0.0,0.0,0.004
f17-d10-t-5.6,1.0,0.15,1.0,0.862,1.0,1.0,0.0,0.0,0.0,0.002
f17-d10-t-5.8,1.0,0.136,1.0,0.858,0.998,1.0,0.0,0.0,0.0,0.0
f17-d10-t-6.0,1.0,0.088,1.0,0.77,0.998,0.998,0.0,0.0,0.0,0.0
f17-d10-t-6.2,1.0,0.088,0.998,0.77,0.998,0.998,0.0,0.0,0.0,0.0
f17-d10-t-6.4,1.0,0.082,0.996,0.77,0.998,0.998,0.0,0.0,0.0,0.0
f17-d10-t-6.6,0.998,0.052,0.994,0.652,0.99,0.994,0.0,0.0,0.0,0.0
f17-d10-t-6.8,0.996,0.052,0.99,0.652,0.988,0.994,0.0,0.0,0.0,0.0
f17-d10-t-7.0,0.992,0.052,0.99,0.652,0.988,0.994,0.0,0.0,0.0,0.0
f17-d10-t-7.2,0.988,0.052,0.99,0.652,0.988,0.994,0.0,0.0,0.0,0.0
f17-d10-t-7.4,0.986,0.052,0.99,0.652,0.988,0.994,0.0,0.0,0.0,0.0
f17-d10-t-7.6,0.986,0.052,0.99,0.652,0.988,0.99,0.0,0.0,0.0,0.0
f17-d10-t-7.8,0.984,0.052,0.99,0.652,0.988,0.986,0.0,0.0,0.0,0.0
f17-d10-t-8.0,0.982,0.052,0.99,0.652,0.988,0.982,0.0,0.0,0.0,0.0
f17-d10-t0.0,1.0,1.0,1.0,1.0,1.0,1.0,0.0,0.0,0.0,0.994
f17-d10-t0.2,1.0,1.0,1.0,1.0,1.0,1.0,0.002,0.002,0.0,0.996
f17-d10-t0.4,1.0,1.0,1.0,1.0,1.0,1.0,0.01,0.004,0.008,0.998
f17-d10-t0.6,1.0,1.0,1.0,1.0,1.0,1.0,0.092,0.074,0.062,1.0
f17-d10-t0.8,1.0,1.0,1.0,1.0,1.0,1.0,0.504,0.49,0.5,1.0
f17-d10-t1.0,1.0,1.0,1.0,1.0,1.0,1.0,0.816,0.86,0.826,1.0
f17-d10-t1.2,1.0,1.0,1.0,1.0,1.0,1.0,0.938,0.964,0.95,1.0
f17-d10-t1.4,1.0,1.0,1.0,1.0,1.0,1.0,0.976,0.992,0.986,1.0
f17-d10-t1.6,1.0,1.0,1.0,1.0,1.0,1.0,0.996,1.0,0.996,1.0
f17-d10-t1.8,1.0,1.0,1.0,1.0,1.0,1.0,0.998,1.0,1.0,1.0
f17-d10-t2.0,1.0,1.0,1.0,1.0,1.0,1.0,1.0,1.0,1.0,1.0
f18-d10-t-0.2,1.0,0.976,1.0,1.0,1.0,1.0,0.0,0.0,0.0,0.818
f18-d10-t-0.4,1.0,0.964,1.0,0.998,1.0,1.0,0.0,0.0,0.0,0.722
f18-d10-t-0.6,1.0,0.926,1.0,0.994,1.0,1.0,0.0,0.0,0.0,0.632
f18-d10-t-0.8,1.0,0.886,1.0,0.992,1.0,1.0,0.0,0.0,0.0,0.512
f18-d10-t-1.0,1.0,0.846,1.0,0.99,1.0,1.0,0.0,0.0,0.0,0.4
f18-d10-t-1.2,1.0,0.794,1.0,0.986,1.0,1.0,0.0,0.0,0.0,0.306
f18-d10-t-1.4,1.0,0.726,1.0,0.966,1.0,1.0,0.0,0.0,0.0,0.222
f18-d10-t-1.6,1.0,0.638,1.0,0.946,1.0,0.996,0.0,0.0,0.0,0.142
f18-d10-t-1.8,1.0,0.556,1.0,0.894,1.0,0.996,0.0,0.0,0.0,0.084
f18-d10-t-2.0,1.0,0.476,1.0,0.846,1.0,0.994,0.0,0.0,0.0,0.05
f18-d10-t-2.2,1.0,0.378,1.0,0.78,1.0,0.99,0.0,0.0,0.0,0.034
f18-d10-t-2.4,1.0,0.324,1.0,0.724,1.0,0.99,0.0,0.0,0.0,0.018
f18-d10-t-2.6,1.0,0.26,1.0,0.684,1.0,0.988,0.0,0.0,0.0,0.014
f18-d10-t-2.8,1.0,0.21,1.0,0.648,1.0,0.988,0.0,0.0,0.0,0.004
f18-d10-t-3.0,1.0,0.176,1.0,0.592,1.0,0.986,0.0,0.0,0.0,0.0
f18-d10-t-3.2,1.0,0.14,1.0,0.542,1.0,0.98,0.0,0.0,0.0,0.0
f18-d10-t-3.4,1.0,0.114,1.0,0.506,1.0,0.98,0.0,0.0,0.0,0.0
f18-d10-t-3.6,1.0,0.09,1.0,0.466,1.0,0.98,0.0,0.0,0.0,0.0
f18-d10-t-3.8,1.0,0.07,1.0,0.432,1.0,0.98,0.0,0.0,0.0,0.0
f18-d10-t-4.0,1.0,0.06,1.0,0.422,1.0,0.98,0.0,0.0,0.0,0.0
f18-d10-t-4.2,1.0,0.048,1.0,0.402,1.0,0.98,0.0,0.0,0.0,0.0
f18-d10-t-4.4,1.0,0.036,1.0,0.394,1.0,0.98,0.0,0.0,0.0,0.0
f18-d10-t-4.6,1.0,0.032,1.0,0.374,1.0,0.98,0.0,0.0,0.0,0.0
f18-d10-t-4.8,1.0,0.02,1.0,0.36,1.0,0.98,0.0,0.0,0.0,0.0
f18-d10-t-5.0,1.0,0.016,1.0,0.324,0.998,0.978,0.0,0.0,0.0,0.0
f18-d10-t-5.2,1.0,0.016,1.0,0.324,0.998,0.978,0.0,0.0,0.0,0.0
f18-d10-t-5.4,1.0,0.012,1.0,0.318,0.998,0.978,0.0,0.0,0.0,0.0
f18-d10-t-5.6,1.0,0.01,1.0,0.308,0.996,0.978,0.0,0.0,0.0,0.0
f18-d10-t-5.8,1.0,0.01,1.0,0.308,0.996,0.978,0.0,0.0,0.0,0.0
f18-d10-t-6.0,1.0,0.006,1.0,0.264,0.996,0.976,0.0,0.0,0.0,0.0
f18-d10-t-6.2,1.0,0.006,1.0,0.264,0.996,0.976,0.0,0.0,0.0,0.0
f18-d10-t-6.4,1.0,0.006,1.0,0.262,0.996,0.976,0.0,0.0,0.0,0.0
f18-d10-t-6.6,0.994,0.006,0.998,0.228,0.996,0.966,0.0,0.0,0.0,0.0
f18-d10-t-6.8,0.992,0.006,0.998,0.228,0.994,0.966,0.0,0.0,0.0,0.0
f18-d10-t-7.0,0.992,0.006,0.998,0.228,0.992,0.966,0.0,0.0,0.0,0.0
f18-d10-t-7.2,0.988,0.006,0.998,0.228,0.992,0.966,0.0,0.0,0.0,0.0
f18-d10-t-7.4,0.988,0.006,0.998,0.228,0.992,0.966,0.0,0.0,0.0,0.0
f18-d10-t-7.6,0.988,0.006,0.998,0.228,0.992,0.966,0.0,0.0,0.0,0.0
f18-d10-t-7.8,0.988,0.006,0.998,0.228,0.992,0.966,0.0,0.0,0.0,0.0
f18-d10-t-8.0,0.986,0.006,0.996,0.228,0.992,0.964,0.0,0.0,0.0,0.0
f18-d10-t0.0,1.0,0.984,1.0,1.0,1.0,1.0,0.0,0.0,0.0,0.894
f18-d10-t0.2,1.0,0.998,1.0,1.0,1.0,1.0,0.0,0.0,0.0,0.94
f18-d10-t0.4,1.0,0.998,1.0,1.0,1.0,1.0,0.0,0.0,0.0,0.974
f18-d10-t0.6,1.0,1.0,1.0,1.0,1.0,1.0,0.0,0.0,0.0,0.984
f18-d10-t0.8,1.0,1.0,1.0,1.0,1.0,1.0,0.0,0.0,0.002,0.998
f18-d10-t1.0,1.0,1.0,1.0,1.0,1.0,1.0,0.012,0.012,0.004,1.0
f18-d10-t1.2,1.0,1.0,1.0,1.0,1.0,1.0,0.098,0.098,0.058,1.0
f18-d10-t1.4,1.0,1.0,1.0,1.0,1.0,1.0,0.464,0.46,0.462,1.0
f18-d10-t1.6,1.0,1.0,1.0,1.0,1.0,1.0,0.806,0.854,0.824,1.0
f18-d10-t1.8,1.0,1.0,1.0,1.0,1.0,1.0,0.936,0.948,0.948,1.0
f18-d10-t2.0,1.0,1.0,1.0,1.0,1.0,1.0,0.986,0.99,0.986,1.0
f19-d10-t-0.2,1.0,0.842,1.0,0.992,1.0,1.0,1.0,1.0,1.0,0.432
f19-d10-t-0.4,0.998,0.626,1.0,0.94,1.0,0.994,1.0,1.0,1.0,0.2
f19-d10-t-0.6,0.988,0.374,0.998,0.782,1.0,0.97,1.0,1.0,1.0,0.088
f19-d10-t-0.8,0.958,0.144,0.984,0.536,0.996,0.888,1.0,0.87,1.0,0.038
f19-d10-t-1.0,0.9,0.066,0.95,0.306,0.98,0.73,1.0,0.868,1.0,0.01
f19-d10-t-1.2,0.742,0.016,0.826,0.142,0.916,0.476,1.0,0.842,1.0,0.002
f19-d10-t-1.4,0.454,0.006,0.582,0.058,0.76,0.252,1.0,0.81,1.0,0.002
f19-d10-t-1.6,0.204,0.0,0.326,0.02,0.558,0.098,1.0,0.752,1.0,0.0
f19-d10-t-1.8,0.092,0.0,0.182,0.01,0.396,0.034,1.0,0.18,1.0,0.0
f19-d10-t-2.0,0.05,0.0,0.124,0.004,0.282,0.01,0.0,0.0,0.0,0.0
f19-d10-t-2.2,0.034,0.0,0.076,0.0,0.218,0.002,0.0,0.0,0.0,0.0
f19-d10-t-2.4,0.022,0.0,0.066,0.0,0.186,0.0,0.0,0.0,0.0,0.0
f19-d10-t-2.6,0.022,0.0,0.058,0.0,0.166,0.0,0.0,0.0,0.0,0.0
f19-d10-t-2.8,0.012,0.0,0.038,0.0,0.138,0.0,0.0,0.0,0.0,0.0
f19-d10-t-3.0,0.012,0.0,0.038,0.0,0.138,0.0,0.0,0.0,0.0,0.0
f19-d10-t-3.2,0.012,0.0,0.038,0.0,0.138,0.0,0.0,0.0,0.0,0.0
f19-d10-t-3.4,0.012,0.0,0.038,0.0,0.138,0.0,0.0,0.0,0.0,0.0
f19-d10-t-3.6,0.012,0.0,0.038,0.0,0.138,0.0,0.0,0.0,0.0,0.0
f19-d10-t-3.8,0.012,0.0,0.038,0.0,0.138,0.0,0.0,0.0,0.0,0.0
f19-d10-t-4.0,0.012,0.0,0.038,0.0,0.138,0.0,0.0,0.0,0.0,0.0
f19-d10-t-4.2,0.012,0.0,0.038,0.0,0.138,0.0,0.0,0.0,0.0,0.0
f19-d10-t-4.4,0.012,0.0,0.038,0.0,0.138,0.0,0.0,0.0,0.0,0.0
f19-d10-t-4.6,0.012,0.0,0.038,0.0,0.138,0.0,0.0,0.0,0.0,0.0
f19-d10-t-4.8,0.012,0.0,0.038,0.0,0.138,0.0,0.0,0.0,0.0,0.0
f19-d10-t-5.0,0.012,0.0,0.038,0.0,0.138,0.0,0.0,0.0,0.0,0.0
f19-d10-t-5.2,0.012,0.0,0.038,0.0,0.138,0.0,0.0,0.0,0.0,0.0
f19-d10-t-5.4,0.012,0.0,0.038,0.0,0.138,0.0,0.0,0.0,0.0,0.0
f19-d10-t-5.6,0.012,0.0,0.038,0.0,0.138,0.0,0.0,0.0,0.0,0.0
f19-d10-t-5.8,0.012,0.0,0.038,0.0,0.136,0.0,0.0,0.0,0.0,0.0
f19-d10-t-6.0,0.012,0.0,0.038,0.0,0.136,0.0,0.0,0.0,0.0,0.0
f19-d10-t-6.2,0.012,0.0,0.038,0.0,0.136,0.0,0.0,0.0,0.0,0.0
f19-d10-t-6.4,0.012,0.0,0.038,0.0,0.136,0.0,0.0,0.0,0.0,0.0
f19-d10-t-6.6,0.012,0.0,0.038,0.0,0.136,0.0,0.0,0.0,0.0,0.0
f19-d10-t-6.8,0.012,0.0,0.038,0.0,0.136,0.0,0.0,0.0,0.0,0.0
f19-d10-t-7.0,0.012,0.0,0.038,0.0,0.136,0.0,0.0,0.0,0.0,0.0
f19-d10-t-7.2,0.012,0.0,0.038,0.0,0.136,0.0,0.0,0.0,0.0,0.0
f19-d10-t-7.4,0.012,0.0,0.038,0.0,0.136,0.0,0.0,0.0,0.0,0.0
f19-d10-t-7.6,0.012,0.0,0.038,0.0,0.136,0.0,0.0,0.0,0.0,0.0
f19-d10-t-7.8,0.012,0.0,0.038,0.0,0.136,0.0,0.0,0.0,0.0,0.0
f19-d10-t-8.0,0.012,0.0,0.038,0.0,0.136,0.0,0.0,0.0,0.0,0.0
f19-d10-t0.0,1.0,0.95,1.0,0.998,1.0,1.0,1.0,1.0,1.0,0.66
f19-d10-t0.2,1.0,0.97,1.0,0.998,1.0,1.0,1.0,1.0,1.0,0.8
f19-d10-t0.4,1.0,0.998,1.0,1.0,1.0,1.0,1.0,1.0,1.0,0.866
f19-d10-t0.6,1.0,1.0,1.0,1.0,1.0,1.0,1.0,1.0,1.0,0.978
f19-d10-t0.8,1.0,1.0,1.0,1.0,1.0,1.0,1.0,1.0,1.0,1.0
f19-d10-t1.0,1.0,1.0,1.0,1.0,1.0,1.0,1.0,1.0,1.0,1.0
f19-d10-t1.2,1.0,1.0,1.0,1.0,1.0,1.0,1.0,1.0,1.0,1.0
f19-d10-t1.4,1.0,1.0,1.0,1.0,1.0,1.0,1.0,1.0,1.0,1.0
f19-d10-t1.6,1.0,1.0,1.0,1.0,1.0,1.0,1.0,1.0,1.0,1.0
f19-d10-t1.8,1.0,1.0,1.0,1.0,1.0,1.0,1.0,1.0,1.0,1.0
f19-d10-t2.0,1.0,1.0,1.0,1.0,1.0,1.0,1.0,1.0,1.0,1.0
f20-d10-t-0.2,0.302,0.0,0.638,0.006,0.95,0.046,0.0,0.0,0.0,0.0
f20-d10-t-0.4,0.084,0.0,0.282,0.004,0.704,0.006,0.0,0.0,0.0,0.0
f20-d10-t-0.6,0.026,0.0,0.142,0.0,0.464,0.0,0.0,0.0,0.0,0.0
f20-d10-t-0.8,0.018,0.0,0.042,0.0,0.222,0.0,0.0,0.0,0.0,0.0
f20-d10-t-1.0,0.004,0.0,0.008,0.0,0.044,0.0,0.0,0.0,0.0,0.0
f20-d10-t-1.2,0.004,0.0,0.008,0.0,0.044,0.0,0.0,0.0,0.0,0.0
f20-d10-t-1.4,0.004,0.0,0.008,0.0,0.042,0.0,0.0,0.0,0.0,0.0
f20-d10-t-1.6,0.004,0.0,0.008,0.0,0.042,0.0,0.0,0.0,0.0,0.0
f20-d10-t-1.8,0.004,0.0,0.008,0.0,0.042,0.0,0.0,0.0,0.0,0.0
f20-d10-t-2.0,0.004,0.0,0.008,0.0,0.042,0.0,0.0,0.0,0.0,0.0
f20-d10-t-2.2,0.004,0.0,0.008,0.0,0.042,0.0,0.0,0.0,0.0,0.0
f20-d10-t-2.4,0.004,0.0,0.008,0.0,0.042,0.0,0.0,0.0,0.0,0.0
f20-d10-t-2.6,0.004,0.0,0.008,0.0,0.042,0.0,0.0,0.0,0.0,0.0
f20-d10-t-2.8,0.004,0.0,0.008,0.0,0.042,0.0,0.0,0.0,0.0,0.0
f20-d10-t-3.0,0.004,0.0,0.008,0.0,0.042,0.0,0.0,0.0,0.0,0.0
f20-d10-t-3.2,0.004,0.0,0.008,0.0,0.042,0.0,0.0,0.0,0.0,0.0
f20-d10-t-3.4,0.004,0.0,0.008,0.0,0.042,0.0,0.0,0.0,0.0,0.0
f20-d10-t-3.6,0.004,0.0,0.008,0.0,0.042,0.0,0.0,0.0,0.0,0.0
f20-d10-t-3.8,0.004,0.0,0.008,0.0,0.042,0.0,0.0,0.0,0.0,0.0
f20-d10-t-4.0,0.004,0.0,0.008,0.0,0.042,0.0,0.0,0.0,0.0,0.0
f20-d10-t-4.2,0.004,0.0,0.008,0.0,0.042,0.0,0.0,0.0,0.0,0.0
f20-d10-t-4.4,0.004,0.0,0.008,0.0,0.042,0.0,0.0,0.0,0.0,0.0
f20-d10-t-4.6,0.004,0.0,0.008,0.0,0.042,0.0,0.0,0.0,0.0,0.0
f20-d10-t-4.8,0.004,0.0,0.008,0.0,0.042,0.0,0.0,0.0,0.0,0.0
f20-d10-t-5.0,0.004,0.0,0.008,0.0,0.042,0.0,0.0,0.0,0.0,0.0
f20-d10-t-5.2,0.004,0.0,0.008,0.0,0.042,0.0,0.0,0.0,0.0,0.0
f20-d10-t-5.4,0.004,0.0,0.008,0.0,0.042,0.0,0.0,0.0,0.0,0.0
f20-d10-t-5.6,0.004,0.0,0.008,0.0,0.042,0.0,0.0,0.0,0.0,0.0
f20-d10-t-5.8,0.004,0.0,0.008,0.0,0.042,0.0,0.0,0.0,0.0,0.0
f20-d10-t-6.0,0.004,0.0,0.008,0.0,0.042,0.0,0.0,0.0,0.0,0.0
f20-d10-t-6.2,0.004,0.0,0.008,0.0,0.042,0.0,0.0,0.0,0.0,0.0
f20-d10-t-6.4,0.004,0.0,0.008,0.0,0.042,0.0,0.0,0.0,0.0,0.0
f20-d10-t-6.6,0.004,0.0,0.008,0.0,0.042,0.0,0.0,0.0,0.0,0.0
f20-d10-t-6.8,0.004,0.0,0.008,0.0,0.042,0.0,0.0,0.0,0.0,0.0
f20-d10-t-7.0,0.004,0.0,0.008,0.0,0.042,0.0,0.0,0.0,0.0,0.0
f20-d10-t-7.2,0.004,0.0,0.008,0.0,0.042,0.0,0.0,0.0,0.0,0.0
f20-d10-t-7.4,0.004,0.0,0.008,0.0,0.042,0.0,0.0,0.0,0.0,0.0
f20-d10-t-7.6,0.004,0.0,0.008,0.0,0.042,0.0,0.0,0.0,0.0,0.0
f20-d10-t-7.8,0.004,0.0,0.008,0.0,0.042,0.0,0.0,0.0,0.0,0.0
f20-d10-t-8.0,0.004,0.0,0.008,0.0,0.042,0.0,0.0,0.0,0.0,0.0
f20-d10-t0.0,0.756,0.026,0.954,0.034,1.0,0.28,0.0,0.0,0.0,0.022
f20-d10-t0.2,0.994,0.3,1.0,0.49,1.0,0.882,0.0,0.966,0.0,0.298
f20-d10-t0.4,1.0,0.992,1.0,0.998,1.0,1.0,1.0,1.0,1.0,0.988
f20-d10-t0.6,1.0,1.0,1.0,1.0,1.0,1.0,1.0,1.0,1.0,1.0
f20-d10-t0.8,1.0,1.0,1.0,1.0,1.0,1.0,1.0,1.0,1.0,1.0
f20-d10-t1.0,1.0,1.0,1.0,1.0,1.0,1.0,1.0,1.0,1.0,1.0
f20-d10-t1.2,1.0,1.0,1.0,1.0,1.0,1.0,1.0,1.0,1.0,1.0
f20-d10-t1.4,1.0,1.0,1.0,1.0,1.0,1.0,1.0,1.0,1.0,1.0
f20-d10-t1.6,1.0,1.0,1.0,1.0,1.0,1.0,1.0,1.0,1.0,1.0
f20-d10-t1.8,1.0,1.0,1.0,1.0,1.0,1.0,1.0,1.0,1.0,1.0
f20-d10-t2.0,1.0,1.0,1.0,1.0,1.0,1.0,1.0,1.0,1.0,1.0
f21-d10-t-0.2,0.252,0.122,0.26,0.164,0.312,0.2,0.142,0.172,0.146,0.094
f21-d10-t-0.4,0.252,0.122,0.256,0.164,0.312,0.2,0.142,0.172,0.146,0.094
f21-d10-t-0.6,0.252,0.122,0.256,0.164,0.312,0.2,0.142,0.172,0.146,0.094
f21-d10-t-0.8,0.252,0.122,0.256,0.164,0.312,0.2,0.142,0.172,0.146,0.094
f21-d10-t-1.0,0.252,0.122,0.256,0.164,0.312,0.2,0.142,0.172,0.146,0.094
f21-d10-t-1.2,0.252,0.122,0.256,0.164,0.312,0.2,0.142,0.172,0.146,0.094
f21-d10-t-1.4,0.252,0.122,0.256,0.164,0.312,0.2,0.142,0.172,0.146,0.094
f21-d10-t-1.6,0.252,0.122,0.256,0.164,0.312,0.2,0.142,0.17,0.146,0.094
f21-d10-t-1.8,0.252,0.122,0.256,0.164,0.312,0.2,0.142,0.166,0.146,0.094
f21-d10-t-2.0,0.252,0.122,0.256,0.164,0.312,0.2,0.142,0.156,0.146,0.094
f21-d10-t-2.2,0.252,0.122,0.256,0.164,0.312,0.2,0.142,0.15,0.146,0.094
f21-d10-t-2.4,0.252,0.122,0.256,0.164,0.312,0.2,0.142,0.14,0.146,0.094
f21-d10-t-2.6,0.252,0.122,0.256,0.164,0.312,0.2,0.142,0.112,0.146,0.094
f21-d10-t-2.8,0.252,0.122,0.256,0.164,0.312,0.2,0.142,0.102,0.146,0.094
f21-d10-t-3.0,0.252,0.122,0.256,0.164,0.312,0.2,0.142,0.1,0.146,0.094
f21-d10-t-3.2,0.252,0.122,0.256,0.164,0.312,0.2,0.142,0.062,0.146,0.094
f21-d10-t-3.4,0.252,0.122,0.256,0.164,0.312,0.2,0.142,0.048,0.146,0.094
f21-d10-t-3.6,0.252,0.122,0.256,0.164,0.312,0.2,0.142,0.04,0.146,0.094
f21-d10-t-3.8,0.252,0.122,0.256,0.164,0.312,0.2,0.142,0.03,0.146,0.094
f21-d10-t-4.0,0.252,0.122,0.256,0.164,0.312,0.2,0.142,0.02,0.146,0.094
f21-d10-t-4.2,0.252,0.122,0.256,0.164,0.312,0.2,0.142,0.014,0.146,0.094
f21-d10-t-4.4,0.252,0.122,0.256,0.164,0.312,0.2,0.142,0.014,0.146,0.094
f21-d10-t-4.6,0.252,0.122,0.256,0.164,0.312,0.2,0.14,0.01,0.126,0.094
f21-d10-t-4.8,0.252,0.122,0.256,0.164,0.312,0.2,0.14,0.008,0.108,0.094
f21-d10-t-5.0,0.252,0.122,0.256,0.164,0.312,0.2,0.14,0.008,0.106,0.094
f21-d10-t-5.2,0.252,0.122,0.256,0.164,0.312,0.2,0.118,0.004,0.038,0.094
f21-d10-t-5.4,0.252,0.122,0.256,0.164,0.312,0.2,0.118,0.002,0.032,0.094
f21-d10-t-5.6,0.252,0.122,0.256,0.164,0.312,0.2,0.112,0.002,0.03,0.094
f21-d10-t-5.8,0.252,0.122,0.256,0.164,0.312,0.2,0.09,0.002,0.018,0.094
f21-d10-t-6.0,0.252,0.122,0.256,0.164,0.312,0.2,0.09,0.002,0.014,0.094
f21-d10-t-6.2,0.252,0.122,0.256,0.164,0.312,0.2,0.09,0.002,0.01,0.094
f21-d10-t-6.4,0.252,0.122,0.256,0.164,0.312,0.2,0.074,0.0,0.008,0.094
f21-d10-t-6.6,0.252,0.122,0.256,0.164,0.312,0.2,0.066,0.0,0.002,0.094
f21-d10-t-6.8,0.252,0.122,0.256,0.164,0.312,0.2,0.042,0.0,0.0,0.094
f21-d10-t-7.0,0.252,0.122,0.256,0.164,0.312,0.2,0.032,0.0,0.0,0.094
f21-d10-t-7.2,0.252,0.122,0.256,0.164,0.312,0.2,0.024,0.0,0.0,0.094
f21-d10-t-7.4,0.252,0.122,0.256,0.164,0.312,0.2,0.01,0.0,0.0,0.094
f21-d10-t-7.6,0.252,0.122,0.256,0.164,0.312,0.2,0.006,0.0,0.0,0.094
f21-d10-t-7.8,0.252,0.122,0.256,0.164,0.312,0.2,0.004,0.0,0.0,0.094
f21-d10-t-8.0,0.252,0.122,0.256,0.164,0.312,0.2,0.002,0.0,0.0,0.094
f21-d10-t0.0,0.354,0.214,0.388,0.25,0.44,0.32,0.2,0.236,0.208,0.168
f21-d10-t0.2,0.456,0.296,0.504,0.326,0.55,0.42,0.238,0.28,0.246,0.264
f21-d10-t0.4,0.68,0.514,0.742,0.558,0.778,0.648,0.382,0.422,0.396,0.438
f21-d10-t0.6,0.782,0.596,0.828,0.642,0.862,0.73,0.45,0.466,0.458,0.542
f21-d10-t0.8,0.884,0.694,0.902,0.778,0.934,0.812,0.526,0.552,0.53,0.624
f21-d10-t1.0,0.968,0.82,0.98,0.916,0.986,0.932,0.678,0.716,0.686,0.79
f21-d10-t1.2,0.99,0.9,0.992,0.964,0.994,0.986,0.782,0.824,0.79,0.888
f21-d10-t1.4,1.0,0.978,0.998,0.992,1.0,1.0,0.9,0.928,0.9,0.968
f21-d10-t1.6,1.0,0.998,1.0,1.0,1.0,1.0,0.968,0.978,0.972,0.994
f21-d10-t1.8,1.0,1.0,1.0,1.0,1.0,1.0,0.998,1.0,1.0,1.0
f21-d10-t2.0,1.0,1.0,1.0,1.0,1.0,1.0,1.0,1.0,1.0,1.0
f22-d10-t-0.2,0.006,0.004,0.012,0.006,0.008,0.006,0.038,0.09,0.05,0.016
f22-d10-t-0.4,0.006,0.004,0.012,0.006,0.008,0.006,0.038,0.082,0.05,0.016
f22-d10-t-0.6,0.006,0.004,0.012,0.006,0.008,0.006,0.038,0.082,0.05,0.016
f22-d10-t-0.8,0.006,0.004,0.012,0.006,0.008,0.006,0.038,0.082,0.05,0.016
f22-d10-t-1.0,0.006,0.004,0.012,0.006,0.008,0.006,0.038,0.074,0.05,0.016
f22-d10-t-1.2,0.006,0.004,0.012,0.006,0.008,0.006,0.038,0.07,0.05,0.016
f22-d10-t-1.4,0.006,0.004,0.012,0.006,0.008,0.006,0.038,0.062,0.05,0.016
f22-d10-t-1.6,0.006,0.004,0.012,0.006,0.008,0.006,0.038,0.054,0.05,0.016
f22-d10-t-1.8,0.006,0.004,0.012,0.006,0.008,0.006,0.038,0.048,0.05,0.016
f22-d10-t-2.0,0.006,0.004,0.012,0.006,0.008,0.006,0.038,0.03,0.05,0.016
f22-d10-t-2.2,0.006,0.004,0.012,0.006,0.008,0.006,0.038,0.03,0.05,0.016
f22-d10-t-2.4,0.006,0.004,0.012,0.006,0.008,0.006,0.038,0.026,0.05,0.016
f22-d10-t-2.6,0.006,0.004,0.012,0.006,0.008,0.006,0.038,0.018,0.05,0.016
f22-d10-t-2.8,0.006,0.004,0.012,0.006,0.008,0.006,0.038,0.014,0.05,0.016
f22-d10-t-3.0,0.006,0.004,0.012,0.006,0.008,0.006,0.038,0.014,0.05,0.016
f22-d10-t-3.2,0.006,0.004,0.012,0.006,0.008,0.006,0.038,0.01,0.05,0.016
f22-d10-t-3.4,0.006,0.004,0.012,0.006,0.008,0.006,0.038,0.01,0.05,0.016
f22-d10-t-3.6,0.006,0.004,0.012,0.006,0.008,0.006,0.038,0.01,0.05,0.016
f22-d10-t-3.8,0.006,0.004,0.012,0.006,0.008,0.006,0.038,0.002,0.05,0.016
f22-d10-t-4.0,0.006,0.004,0.012,0.006,0.008,0.006,0.038,0.0,0.05,0.016
f22-d10-t-4.2,0.006,0.004,0.012,0.006,0.008,0.006,0.038,0.0,0.048,0.016
f22-d10-t-4.4,0.006,0.004,0.012,0.006,0.008,0.006,0.038,0.0,0.042,0.016
f22-d10-t-4.6,0.006,0.004,0.012,0.006,0.008,0.006,0.036,0.0,0.018,0.016
f22-d10-t-4.8,0.006,0.004,0.012,0.006,0.008,0.006,0.036,0.0,0.018,0.016
f22-d10-t-5.0,0.006,0.004,0.012,0.006,0.008,0.006,0.036,0.0,0.016,0.016
f22-d10-t-5.2,0.006,0.004,0.012,0.006,0.008,0.006,0.024,0.0,0.004,0.016
f22-d10-t-5.4,0.006,0.004,0.012,0.006,0.008,0.006,0.02,0.0,0.002,0.016
f22-d10-t-5.6,0.006,0.004,0.012,0.006,0.008,0.006,0.02,0.0,0.002,0.016
f22-d10-t-5.8,0.006,0.004,0.012,0.006,0.008,0.006,0.02,0.0,0.0,0.016
f22-d10-t-6.0,0.006,0.004,0.012,0.006,0.008,0.006,0.02,0.0,0.0,0.016
f22-d10-t-6.2,0.006,0.004,0.012,0.006,0.008,0.006,0.02,0.0,0.0,0.016
f22-d10-t-6.4,0.006,0.004,0.012,0.006,0.008,0.006,0.012,0.0,0.0,0.016
f22-d10-t-6.6,0.006,0.004,0.012,0.006,0.008,0.006,0.01,0.0,0.0,0.016
f22-d10-t-6.8,0.006,0.004,0.012,0.006,0.008,0.006,0.006,0.0,0.0,0.016
f22-d10-t-7.0,0.006,0.004,0.012,0.006,0.008,0.006,0.006,0.0,0.0,0.016
f22-d10-t-7.2,0.006,0.004,0.012,0.006,0.008,0.006,0.004,0.0,0.0,0.016
f22-d10-t-7.4,0.006,0.004,0.012,0.006,0.008,0.006,0.0,0.0,0.0,0.016
f22-d10-t-7.6,0.006,0.004,0.012,0.006,0.008,0.006,0.0,0.0,0.0,0.016
f22-d10-t-7.8,0.006,0.004,0.012,0.006,0.008,0.006,0.0,0.0,0.0,0.016
f22-d10-t-8.0,0.006,0.004,0.012,0.006,0.008,0.006,0.0,0.0,0.0,0.016
f22-d10-t0.0,0.212,0.12,0.232,0.156,0.236,0.184,0.13,0.176,0.144,0.12
f22-d10-t0.2,0.212,0.12,0.232,0.156,0.236,0.184,0.13,0.178,0.144,0.12
f22-d10-t0.4,0.388,0.252,0.42,0.316,0.43,0.346,0.218,0.27,0.234,0.224
f22-d10-t0.6,0.54,0.374,0.566,0.448,0.586,0.476,0.286,0.346,0.3,0.32
f22-d10-t0.8,0.666,0.484,0.694,0.56,0.722,0.596,0.362,0.416,0.38,0.43
f22-d10-t1.0,0.842,0.694,0.87,0.75,0.88,0.792,0.526,0.578,0.544,0.62
f22-d10-t1.2,0.932,0.806,0.964,0.864,0.956,0.92,0.678,0.72,0.692,0.748
f22-d10-t1.4,0.986,0.896,0.99,0.948,0.99,0.98,0.79,0.832,0.8,0.85
f22-d10-t1.6,0.998,0.958,1.0,0.988,1.0,1.0,0.912,0.936,0.912,0.944
f22-d10-t1.8,1.0,0.998,1.0,1.0,1.0,1.0,0.986,0.988,0.988,0.996
f22-d10-t2.0,1.0,1.0,1.0,1.0,1.0,1.0,1.0,1.0,1.0,1.0
f23-d10-t-0.2,0.696,0.424,0.63,0.51,0.41,0.624,0.002,0.03,0.062,0.314
f23-d10-t-0.4,0.638,0.332,0.578,0.458,0.34,0.56,0.0,0.004,0.014,0.238
f23-d10-t-0.6,0.542,0.224,0.496,0.364,0.306,0.456,0.0,0.0,0.008,0.128
f23-d10-t-0.8,0.444,0.14,0.42,0.3,0.256,0.36,0.0,0.0,0.004,0.056
f23-d10-t-1.0,0.344,0.068,0.298,0.198,0.198,0.232,0.0,0.0,0.0,0.018
f23-d10-t-1.2,0.256,0.036,0.214,0.118,0.162,0.148,0.0,0.0,0.0,0.01
f23-d10-t-1.4,0.208,0.006,0.168,0.074,0.138,0.112,0.0,0.0,0.0,0.002
f23-d10-t-1.6,0.182,0.002,0.132,0.052,0.126,0.086,0.0,0.0,0.0,0.0
f23-d10-t-1.8,0.15,0.002,0.108,0.038,0.108,0.07,0.0,0.0,0.0,0.0
f23-d10-t-2.0,0.122,0.002,0.076,0.032,0.088,0.054,0.0,0.0,0.0,0.0
f23-d10-t-2.2,0.118,0.0,0.076,0.024,0.088,0.054,0.0,0.0,0.0,0.0
f23-d10-t-2.4,0.114,0.0,0.076,0.022,0.086,0.054,0.0,0.0,0.0,0.0
f23-d10-t-2.6,0.114,0.0,0.076,0.022,0.086,0.054,0.0,0.0,0.0,0.0
f23-d10-t-2.8,0.114,0.0,0.076,0.022,0.084,0.054,0.0,0.0,0.0,0.0
f23-d10-t-3.0,0.114,0.0,0.076,0.02,0.084,0.054,0.0,0.0,0.0,0.0
f23-d10-t-3.2,0.114,0.0,0.076,0.02,0.084,0.052,0.0,0.0,0.0,0.0
f23-d10-t-3.4,0.114,0.0,0.076,0.02,0.082,0.052,0.0,0.0,0.0,0.0
f23-d10-t-3.6,0.112,0.0,0.076,0.02,0.082,0.052,0.0,0.0,0.0,0.0
f23-d10-t-3.8,0.112,0.0,0.076,0.02,0.082,0.052,0.0,0.0,0.0,0.0
f23-d10-t-4.0,0.112,0.0,0.076,0.02,0.078,0.052,0.0,0.0,0.0,0.0
f23-d10-t-4.2,0.112,0.0,0.076,0.02,0.078,0.052,0.0,0.0,0.0,0.0
f23-d10-t-4.4,0.112,0.0,0.076,0.02,0.078,0.052,0.0,0.0,0.0,0.0
f23-d10-t-4.6,0.108,0.0,0.076,0.02,0.078,0.052,0.0,0.0,0.0,0.0
f23-d10-t-4.8,0.108,0.0,0.074,0.02,0.076,0.052,0.0,0.0,0.0,0.0
f23-d10-t-5.0,0.108,0.0,0.074,0.02,0.074,0.052,0.0,0.0,0.0,0.0
f23-d10-t-5.2,0.108,0.0,0.072,0.02,0.074,0.052,0.0,0.0,0.0,0.0
f23-d10-t-5.4,0.108,0.0,0.07,0.02,0.072,0.052,0.0,0.0,0.0,0.0
f23-d10-t-5.6,0.106,0.0,0.07,0.02,0.07,0.052,0.0,0.0,0.0,0.0
f23-d10-t-5.8,0.106,0.0,0.07,0.02,0.068,0.052,0.0,0.0,0.0,0.0
f23-d10-t-6.0,0.104,0.0,0.07,0.02,0.068,0.052,0.0,0.0,0.0,0.0
f23-d10-t-6.2,0.104,0.0,0.07,0.02,0.068,0.052,0.0,0.0,0.0,0.0
f23-d10-t-6.4,0.102,0.0,0.07,0.02,0.068,0.052,0.0,0.0,0.0,0.0
f23-d10-t-6.6,0.1,0.0,0.064,0.02,0.066,0.05,0.0,0.0,0.0,0.0
f23-d10-t-6.8,0.1,0.0,0.064,0.02,0.066,0.048,0.0,0.0,0.0,0.0
f23-d10-t-7.0,0.1,0.0,0.064,0.02,0.066,0.048,0.0,0.0,0.0,0.0
f23-d10-t-7.2,0.1,0.0,0.062,0.02,0.066,0.048,0.0,0.0,0.0,0.0
f23-d10-t-7.4,0.1,0.0,0.062,0.02,0.062,0.048,0.0,0.0,0.0,0.0
f23-d10-t-7.6,0.1,0.0,0.06,0.02,0.06,0.048,0.0,0.0,0.0,0.0
f23-d10-t-7.8,0.1,0.0,0.06,0.02,0.056,0.048,0.0,0.0,0.0,0.0
f23-d10-t-8.0,0.1,0.0,0.058,0.02,0.052,0.048,0.0,0.0,0.0,0.0
f23-d10-t0.0,0.768,0.51,0.76,0.566,0.684,0.688,0.014,0.108,0.146,0.392
f23-d10-t0.2,0.972,0.628,0.992,0.698,1.0,0.902,0.068,0.346,0.334,0.482
f23-d10-t0.4,1.0,0.936,1.0,0.992,1.0,1.0,0.254,0.728,0.58,0.794
f23-d10-t0.6,1.0,1.0,1.0,1.0,1.0,1.0,0.544,0.95,0.846,1.0
f23-d10-t0.8,1.0,1.0,1.0,1.0,1.0,1.0,0.796,0.998,0.982,1.0
f23-d10-t1.0,1.0,1.0,1.0,1.0,1.0,1.0,0.968,1.0,0.996,1.0
f23-d10-t1.2,1.0,1.0,1.0,1.0,1.0,1.0,0.996,1.0,1.0,1.0
f23-d10-t1.4,1.0,1.0,1.0,1.0,1.0,1.0,1.0,1.0,1.0,1.0
f23-d10-t1.6,1.0,1.0,1.0,1.0,1.0,1.0,1.0,1.0,1.0,1.0
f23-d10-t1.8,1.0,1.0,1.0,1.0,1.0,1.0,1.0,1.0,1.0,1.0
f23-d10-t2.0,1.0,1.0,1.0,1.0,1.0,1.0,1.0,1.0,1.0,1.0
f24-d10-t-0.2,0.0,0.0,0.006,0.0,0.018,0.0,0.0,0.0,0.0,0.0
f24-d10-t-0.4,0.0,0.0,0.0,0.0,0.01,0.0,0.0,0.0,0.0,0.0
f24-d10-t-0.6,0.0,0.0,0.0,0.0,0.0,0.0,0.0,0.0,0.0,0.0
f24-d10-t-0.8,0.0,0.0,0.0,0.0,0.0,0.0,0.0,0.0,0.0,0.0
f24-d10-t-1.0,0.0,0.0,0.0,0.0,0.0,0.0,0.0,0.0,0.0,0.0
f24-d10-t-1.2,0.0,0.0,0.0,0.0,0.0,0.0,0.0,0.0,0.0,0.0
f24-d10-t-1.4,0.0,0.0,0.0,0.0,0.0,0.0,0.0,0.0,0.0,0.0
f24-d10-t-1.6,0.0,0.0,0.0,0.0,0.0,0.0,0.0,0.0,0.0,0.0
f24-d10-t-1.8,0.0,0.0,0.0,0.0,0.0,0.0,0.0,0.0,0.0,0.0
f24-d10-t-2.0,0.0,0.0,0.0,0.0,0.0,0.0,0.0,0.0,0.0,0.0
f24-d10-t-2.2,0.0,0.0,0.0,0.0,0.0,0.0,0.0,0.0,0.0,0.0
f24-d10-t-2.4,0.0,0.0,0.0,0.0,0.0,0.0,0.0,0.0,0.0,0.0
f24-d10-t-2.6,0.0,0.0,0.0,0.0,0.0,0.0,0.0,0.0,0.0,0.0
f24-d10-t-2.8,0.0,0.0,0.0,0.0,0.0,0.0,0.0,0.0,0.0,0.0
f24-d10-t-3.0,0.0,0.0,0.0,0.0,0.0,0.0,0.0,0.0,0.0,0.0
f24-d10-t-3.2,0.0,0.0,0.0,0.0,0.0,0.0,0.0,0.0,0.0,0.0
f24-d10-t-3.4,0.0,0.0,0.0,0.0,0.0,0.0,0.0,0.0,0.0,0.0
f24-d10-t-3.6,0.0,0.0,0.0,0.0,0.0,0.0,0.0,0.0,0.0,0.0
f24-d10-t-3.8,0.0,0.0,0.0,0.0,0.0,0.0,0.0,0.0,0.0,0.0
f24-d10-t-4.0,0.0,0.0,0.0,0.0,0.0,0.0,0.0,0.0,0.0,0.0
f24-d10-t-4.2,0.0,0.0,0.0,0.0,0.0,0.0,0.0,0.0,0.0,0.0
f24-d10-t-4.4,0.0,0.0,0.0,0.0,0.0,0.0,0.0,0.0,0.0,0.0
f24-d10-t-4.6,0.0,0.0,0.0,0.0,0.0,0.0,0.0,0.0,0.0,0.0
f24-d10-t-4.8,0.0,0.0,0.0,0.0,0.0,0.0,0.0,0.0,0.0,0.0
f24-d10-t-5.0,0.0,0.0,0.0,0.0,0.0,0.0,0.0,0.0,0.0,0.0
f24-d10-t-5.2,0.0,0.0,0.0,0.0,0.0,0.0,0.0,0.0,0.0,0.0
f24-d10-t-5.4,0.0,0.0,0.0,0.0,0.0,0.0,0.0,0.0,0.0,0.0
f24-d10-t-5.6,0.0,0.0,0.0,0.0,0.0,0.0,0.0,0.0,0.0,0.0
f24-d10-t-5.8,0.0,0.0,0.0,0.0,0.0,0.0,0.0,0.0,0.0,0.0
f24-d10-t-6.0,0.0,0.0,0.0,0.0,0.0,0.0,0.0,0.0,0.0,0.0
f24-d10-t-6.2,0.0,0.0,0.0,0.0,0.0,0.0,0.0,0.0,0.0,0.0
f24-d10-t-6.4,0.0,0.0,0.0,0.0,0.0,0.0,0.0,0.0,0.0,0.0
f24-d10-t-6.6,0.0,0.0,0.0,0.0,0.0,0.0,0.0,0.0,0.0,0.0
f24-d10-t-6.8,0.0,0.0,0.0,0.0,0.0,0.0,0.0,0.0,0.0,0.0
f24-d10-t-7.0,0.0,0.0,0.0,0.0,0.0,0.0,0.0,0.0,0.0,0.0
f24-d10-t-7.2,0.0,0.0,0.0,0.0,0.0,0.0,0.0,0.0,0.0,0.0
f24-d10-t-7.4,0.0,0.0,0.0,0.0,0.0,0.0,0.0,0.0,0.0,0.0
f24-d10-t-7.6,0.0,0.0,0.0,0.0,0.0,0.0,0.0,0.0,0.0,0.0
f24-d10-t-7.8,0.0,0.0,0.0,0.0,0.0,0.0,0.0,0.0,0.0,0.0
f24-d10-t-8.0,0.0,0.0,0.0,0.0,0.0,0.0,0.0,0.0,0.0,0.0
f24-d10-t0.0,0.002,0.0,0.008,0.0,0.024,0.002,0.0,0.0,0.0,0.0
f24-d10-t0.2,0.004,0.0,0.01,0.006,0.024,0.004,0.0,0.0,0.0,0.0
f24-d10-t0.4,0.004,0.006,0.012,0.012,0.024,0.008,0.0,0.0,0.0,0.0
f24-d10-t0.6,0.004,0.036,0.012,0.034,0.024,0.008,0.0,0.0,0.0,0.004
f24-d10-t0.8,0.004,0.088,0.012,0.052,0.024,0.008,0.0,0.0,0.0,0.02
f24-d10-t1.0,0.004,0.134,0.012,0.058,0.024,0.008,0.0,0.0,0.0,0.078
f24-d10-t1.2,1.0,0.502,1.0,0.928,1.0,1.0,0.0,0.0,0.0,0.224
f24-d10-t1.4,1.0,0.97,1.0,0.992,1.0,1.0,0.0,0.0,0.002,0.68
f24-d10-t1.6,1.0,0.986,1.0,1.0,1.0,1.0,0.002,0.0,0.002,0.912
f24-d10-t1.8,1.0,1.0,1.0,1.0,1.0,1.0,0.87,0.918,0.988,0.992
f24-d10-t2.0,1.0,1.0,1.0,1.0,1.0,1.0,1.0,1.0,1.0,1.0
